filename, blight, mg_loss, n_loss, powder, spot
112_powder_jpg.rf.ea8a1a4012299f39bffc209aa52d11ad.jpg, 0, 0, 0, 1, 0
9_powder_jpg.rf.ebae11794052f2763ae94adacd5e5202.jpg, 0, 0, 0, 1, 0
049_8bcead0a_jpg.rf.ead711cf7bae1c02a86c7bca7c120b15.jpg, 1, 0, 0, 0, 0
image_332_jpg.rf.ec9c89e0ea9d6ca8ac3f478dc859231f.jpg, 1, 0, 0, 0, 0
559_07d37d73_jpg.rf.ec11c3b6b102ae8a9ba77b0ae5e7ea4e.jpg, 1, 0, 0, 0, 0
131_587d023b_jpg.rf.ee0beb8acbad4d2bee3d1f5a0ec34d3d.jpg, 1, 0, 0, 0, 0
108_spot_jpg.rf.ea3cf407a8710aac4b2cc24016c40af9.jpg, 0, 0, 0, 0, 1
243_f6cfd618_jpg.rf.ede8cf5fde11b64190fb7227c317d049.jpg, 0, 1, 0, 0, 0
169_spot_jpg.rf.ebeb401d397cd867b1f2f5292f1c133f.jpg, 0, 0, 0, 0, 1
009_3321b9ce_jpg.rf.edf2ad252e22ffdc989844a170844995.jpg, 1, 0, 0, 0, 0
267_092308f4_jpg.rf.e9b4c4defe0c1889b51559050c8931f4.jpg, 0, 1, 0, 0, 0
112_powder_jpg.rf.ec45adea0f7f87af2efa6f44df8cc9ff.jpg, 0, 0, 0, 1, 0
44_spot_jpg.rf.e9b983bf5a2d11113ff01af53c61b336.jpg, 0, 0, 0, 0, 1
91_spot_jpg.rf.ee488eaabe779f7a2ea574cb2681292e.jpg, 0, 0, 0, 0, 1
92_powder_jpg.rf.ee6ed40e284853044a26e4b6d1e9ce25.jpg, 0, 0, 0, 1, 0
208_07ee6c75_jpg.rf.ecd62445118cd45faa938fee21a0e256.jpg, 0, 1, 1, 0, 0
049_8bcead0a_jpg.rf.eb8588481efbae5903eb5efdbde0017b.jpg, 1, 0, 0, 0, 0
553_4b527013_jpg.rf.ec00cada2bc871f0688fe9c076ee30d8.jpg, 0, 1, 0, 0, 0
15_powder_jpg.rf.ecadc1aeb15a4dc381b83ee4ff9ef5a6.jpg, 0, 0, 0, 1, 0
015_8d19c4c8_jpg.rf.ed9094ffa6a048e20397a69af049c36f.jpg, 0, 1, 0, 0, 0
109_powder_jpg.rf.eda4d7527ad9da5f03c81c1f1df41d53.jpg, 0, 0, 0, 1, 0
476_59c0df08_jpg.rf.ed2c7bbf063746d12bf1a37fa0743432.jpg, 0, 1, 0, 0, 0
16_powder_jpg.rf.ea1b1d1cd2df590b0c29f587ada1a6b3.jpg, 0, 0, 0, 1, 0
171_spot_jpg.rf.ee98826671319a5e636c74b3e30d4777.jpg, 1, 0, 0, 0, 0
75_powder_jpg.rf.ef3bafba5b373e0c511291ecbaa896c1.jpg, 0, 0, 0, 1, 0
175_spot_jpg.rf.f0ec7869cd06fb2361808c88f7aae892.jpg, 1, 0, 0, 0, 1
82_spot_jpg.rf.f169609ae23cd2ab05444b6967996ecb.jpg, 0, 0, 0, 0, 1
111_fc23494e_jpg.rf.f10c58b5826da7afaa471e895970f2f5.jpg, 0, 1, 0, 0, 0
99_powder_jpg.rf.ef625156669105f287dd6608dfe48cba.jpg, 0, 0, 0, 1, 0
185_089f2ed4_jpg.rf.f4319037f4f13c9067abb710bb45104c.jpg, 0, 0, 0, 0, 0
158_spot_jpg.rf.f1a4a011e186b03e66cb08d899409aa9.jpg, 0, 0, 0, 0, 1
116_31685266_jpg.rf.ef58c6eb03c0765f476bb90aab135cfd.jpg, 0, 0, 0, 0, 1
149_spot_jpg.rf.f26969d7eb6b1f76f77eb019740aac94.jpg, 0, 0, 0, 0, 1
167_spot_jpg.rf.f2a68fec2dad56aaeef916478daf0690.jpg, 0, 0, 0, 0, 1
image_163_jpg.rf.f3260a30f99d3e62cd4ebc7e98be64b3.jpg, 1, 0, 0, 0, 0
413_2ddec230_jpg.rf.f3b01bba53f9c016f0ec46be94375bd2.jpg, 0, 1, 0, 0, 0
49_spot_jpg.rf.f34a2eb7925606dea5f6030b03263191.jpg, 0, 0, 0, 0, 0
94_powder_jpg.rf.f40a386a3bc3ba9f73699215500560b8.jpg, 0, 0, 0, 1, 0
42_powder_jpg.rf.f45f578e89f15c3c43c00dfbdaa837ea.jpg, 0, 0, 0, 1, 0
90_powder_jpg.rf.f49f4426b115ffed286c187e6f81eea7.jpg, 0, 0, 0, 1, 0
476_59c0df08_jpg.rf.f32e29fdc67be6491d9d767bdd66b6c8.jpg, 0, 1, 0, 0, 0
109_spot_jpg.rf.f2d6179fae5ce659ba20642b45833086.jpg, 0, 0, 0, 0, 1
image_18_jpg.rf.f1b87e78faaf6ad17478cb2a6b622876.jpg, 1, 0, 0, 0, 0
90_powder_jpg.rf.f3492d52ff290cfd9a2318e1f535579b.jpg, 0, 0, 0, 1, 0
162_spot_jpg.rf.f4561b58447beed03e7c7b05000b2b13.jpg, 0, 0, 0, 0, 1
168_spot_jpg.rf.f4074a34a5d16b2c0270bd96086d017e.jpg, 0, 0, 0, 0, 1
021_2d0c1175_jpg.rf.f4c47e19b500d6e6c34b04248cd7ecaf.jpg, 1, 0, 0, 0, 0
101_spot_jpg.rf.f3442746ab4b5080330c0ac6a5cfb192.jpg, 0, 0, 0, 0, 1
74_powder_jpg.rf.efef65d70895859a03699d9d6265debd.jpg, 0, 0, 0, 1, 0
136_spot_jpg.rf.f303c811ad12233e08d8ebe39312b8bc.jpg, 0, 0, 0, 0, 1
91_powder_jpg.rf.f582dfc625bfa7c6cb1f3f7c9c1a6ba2.jpg, 0, 0, 0, 1, 0
143_f43c9d34_jpg.rf.f515a3fc7f185ca611ca62795061164f.jpg, 0, 1, 0, 0, 0
081_c5f9a40c_jpg.rf.f67267a9b51028720e4bec9dc12a382e.jpg, 0, 0, 1, 0, 0
220_80663101_jpg.rf.f801e746c40e625f5cd99a5818f1813b.jpg, 1, 0, 0, 0, 0
033_c2fdf9c4_jpg.rf.f78520ddc54b00d3e165dcdd88f3ded1.jpg, 1, 0, 0, 0, 0
67_powder_jpg.rf.f7448c67995478aa08ff6ffb805a7af8.jpg, 0, 0, 0, 1, 0
24_spot_jpg.rf.f68f00cbbebf34376da592bf6cf48421.jpg, 0, 0, 0, 0, 1
106_spot_jpg.rf.f5d0472ad56ac894f5398963d3bb057b.jpg, 0, 0, 0, 0, 1
48_powder_jpg.rf.f6962095f934924a8056d732e0eb3437.jpg, 0, 0, 0, 1, 0
image_134_jpg.rf.f757e4321debcfaacd2405059c19c67a.jpg, 1, 0, 0, 0, 0
243_f6cfd618_jpg.rf.f772b0053066847bf1fc428bddb36adf.jpg, 0, 1, 0, 0, 0
81_spot_jpg.rf.f7540796f11e8ef771eff0595a05fcda.jpg, 0, 0, 0, 0, 1
image_134_jpg.rf.f9ed0e08b62ba83a0f064ee63cdfaea2.jpg, 1, 0, 0, 0, 0
59_spot_jpg.rf.fa9f79e6368c2b161ce86f24838eba0d.jpg, 0, 0, 0, 0, 1
154_spot_jpg.rf.f803ec8a449ed5be55f59e77cd5f9640.jpg, 0, 0, 0, 0, 1
28_powder_jpg.rf.faedcc5a91ae572ff71b85a6a9deae74.jpg, 0, 0, 0, 1, 0
image_1_jpg.rf.f922016e101d756f2403773ccba1cc83.jpg, 1, 0, 0, 0, 0
46_spot_jpg.rf.fbd2aaf350b58d328d5ba492852f9da9.jpg, 0, 1, 0, 0, 1
110_spot_jpg.rf.fc06489b71ac52b9f4daa8d1ca5279b0.jpg, 0, 0, 0, 0, 1
117_f97656a1_jpg.rf.f8e21b19e2a751e5e4a8dcfe84578782.jpg, 0, 1, 0, 0, 0
136_823d5081_jpg.rf.fb17add42b6b05d5911662f700108c5c.jpg, 0, 1, 0, 0, 0
215_8ec3213a_jpg.rf.f58399ccc75d597b3d438922fc816583.jpg, 0, 1, 0, 0, 0
23_spot_jpg.rf.fb9c4e61449c7f8891a1c8b78122bb14.jpg, 0, 0, 0, 0, 1
197_a93d49c9_jpg.rf.fc1628c0e8aab07e28989fb9f8da207c.jpg, 0, 1, 0, 0, 0
91_spot_jpg.rf.f8fa4d993d3dc89f10b3c021d62557a0.jpg, 0, 0, 0, 0, 1
211_2934a320_jpg.rf.f79df823f7daa599169b61c5afd54975.jpg, 0, 1, 0, 0, 0
151_spot_jpg.rf.f9f687d2fb1b9f9b3d33548cffce3766.jpg, 0, 0, 0, 0, 1
019_96022575_jpg.rf.fccf6dc6323a62122764016cbb08adb6.jpg, 1, 0, 0, 0, 0
8_spot_jpg.rf.fcfff56dff41fc74ccaf4a4869cc89d1.jpg, 0, 0, 0, 0, 1
59_spot_jpg.rf.fffb482037634a8db25de6fadec0fddc.jpg, 0, 0, 0, 0, 1
079_214e0e35_jpg.rf.ff245583ad60b05a7a4ee81a05ea57e9.jpg, 1, 0, 0, 0, 0
13_powder_jpg.rf.fef0a7a26b097f74fcb3f4164ac466b1.jpg, 0, 0, 0, 1, 0
020_2714735a_jpg.rf.fd5a06ee6dc977a288764c04c8fb4a4b.jpg, 1, 0, 0, 0, 1
185_089f2ed4_jpg.rf.fd3196b8c0ff574a31629951fb3c497f.jpg, 0, 0, 0, 0, 0
29_powder_jpg.rf.fda4866e82da6ee7bbb69d7a314d2c4c.jpg, 0, 0, 0, 1, 0
192_4ea67702_jpg.rf.ff025b213f549e139c86ba5605f78ddc.jpg, 1, 1, 0, 0, 0
185_089f2ed4_jpg.rf.fe3a49e2125ba12f404b2e0aec4bac07.jpg, 0, 0, 0, 0, 0
82_spot_jpg.rf.ff7b3b0785df0e2276c195d0cc6dcf45.jpg, 0, 0, 0, 0, 1
010_ef08e7bd_jpg.rf.ffbc62365bcfa831da4ae07739f6bca2.jpg, 0, 1, 0, 0, 0
069_ae759d5a_jpg.rf.feabad78f9468e43b11a13f60fb3501f.jpg, 1, 0, 0, 0, 0
045_58a2dbca_jpg.rf.fd59ab56a6570cf9d88f36d8e1c95bab.jpg, 0, 0, 1, 0, 0
257_8a5ec788_jpg.rf.6e565e6842e3c2f53bb89c853a437aef.jpg, 0, 1, 0, 0, 0
391_347861bb_jpg.rf.70148fb7ee0f1ca2cac54134127acf97.jpg, 1, 0, 0, 0, 0
132_spot_jpg.rf.6fa77c566985e07adb1df9fd3230117f.jpg, 0, 0, 0, 0, 1
129_spot_jpg.rf.6f9e4d4204a3813d6b1d5106dda8d658.jpg, 0, 0, 0, 0, 1
67_powder_jpg.rf.6faab0a0bc9dd271a530beba7bc48120.jpg, 0, 0, 0, 1, 0
017_916fad64_jpg.rf.707e41bb3d9aa190bd655808fa771929.jpg, 1, 0, 0, 0, 0
30_spot_jpg.rf.6f366591ef65c85c880db259cce7f0f0.jpg, 0, 0, 0, 0, 1
361_b5a0abd1_jpg.rf.6e79f48d5e292b6c9f4e97c428f31499.jpg, 0, 0, 1, 0, 0
11_spot_jpg.rf.6ee754bd183c891a55f5eece26537587.jpg, 1, 1, 0, 0, 0
128_spot_jpg.rf.6e63a4ad6f2b23062e6b18d2e27ace60.jpg, 0, 0, 0, 0, 1
036_869e5bcb_jpg.rf.6e67cf4b3064908f24c7001b91a0df47.jpg, 0, 0, 1, 0, 0
108_spot_jpg.rf.710aff0995388b6a2b48cf178f183b6d.jpg, 0, 0, 0, 0, 1
005_75c68c9f_jpg.rf.70d31163d0fc44f593761b7752dc5794.jpg, 0, 1, 0, 0, 0
76_powder_jpg.rf.7093cd402bb9d686c431fa51767fb311.jpg, 0, 0, 0, 1, 0
14_spot_jpg.rf.70f60a92e875fe2a46f6aefcb831bb03.jpg, 0, 0, 0, 0, 1
113_spot_jpg.rf.6e1d5108460af6e9f05d128f52595ddb.jpg, 0, 0, 0, 0, 1
69_powder_jpg.rf.6f5176634f8f0c518409a05ab1476ae2.jpg, 0, 0, 0, 1, 0
56_powder_jpg.rf.71d2588c7f6a330c3d2bd905e8a7d083.jpg, 0, 0, 0, 1, 0
106_powder_jpg.rf.714683ef5bf50fb251bc37ca5e874725.jpg, 0, 0, 0, 1, 0
152_0ff1d61a_jpg.rf.724ceadda69d169b32a9989df1a84d18.jpg, 0, 0, 0, 0, 0
052_abc80482_jpg.rf.724462a9e4560f3e6d5dde16f747a0f5.jpg, 0, 1, 0, 0, 0
596_810c3523_jpg.rf.7149974ef90d86bda94193ed05d2d989.jpg, 1, 0, 0, 0, 0
image_123_jpg.rf.722aebf0cf80838b21b0afb4f76d1975.jpg, 1, 0, 0, 0, 0
40_spot_jpg.rf.727571d70217b0bc04c9d39fb6bed4b3.jpg, 0, 0, 0, 0, 1
66_spot_jpg.rf.712135a093970675702d002703229550.jpg, 0, 0, 0, 0, 1
29_powder_jpg.rf.7467825d6554fedf7548c8af866321f8.jpg, 0, 0, 0, 1, 0
88_spot_jpg.rf.737fed0a123a57fcc57c8911239a7925.jpg, 0, 0, 0, 0, 1
7_spot_jpg.rf.730b1186841dcd512dff0a906aeb924d.jpg, 0, 0, 0, 0, 1
image_331_jpg.rf.7406e855e9cfc133564ec4baa9ea1bf9.jpg, 1, 0, 0, 0, 0
69_spot_jpg.rf.762535a2e37d4009351954e05aa2dec9.jpg, 0, 0, 0, 0, 1
128_spot_jpg.rf.72d1ca63e6883e44957a8fae8c1906a9.jpg, 0, 0, 0, 0, 1
120_spot_jpg.rf.770dc8ca131ac7b06a3f450ea2b9a242.jpg, 0, 0, 0, 0, 1
079_214e0e35_jpg.rf.76632fdc898690d64e98e037abcc41a0.jpg, 1, 0, 0, 0, 0
151_spot_jpg.rf.77eb22347b52d55941897c3f0ce3d9d3.jpg, 0, 0, 0, 0, 1
183_d1ae6059_jpg.rf.73ed2f18ea302da7d1766f6173c8f395.jpg, 0, 0, 1, 0, 0
030_cf7c40ea_jpg.rf.75bc4a6947d37db22d9f9ed0ab9a5384.jpg, 0, 0, 1, 0, 0
451_43d3605a_jpg.rf.7447d78561fff80c6e30f2ee5b396ed9.jpg, 1, 0, 0, 0, 0
302_ccbd3fd7_jpg.rf.76180c91b926685b1481dd487e503045.jpg, 0, 0, 0, 0, 1
91_spot_jpg.rf.76d8bfde08fb425ef068778e8d0ec92a.jpg, 0, 0, 0, 0, 1
140_spot_jpg.rf.78a87e30b4b9c8ede14be98ead3c4ec9.jpg, 0, 0, 0, 0, 1
557_01b9d02b_jpg.rf.7783b6b687514f218b1dad3ac0b8e65a.jpg, 0, 0, 0, 0, 0
215_8ec3213a_jpg.rf.78d10a7180986be942927032218ec3e9.jpg, 0, 1, 0, 0, 0
046_05b3348d_jpg.rf.73f574ae8334b44051d5ee2c2fc865eb.jpg, 0, 1, 0, 0, 0
275_bb5b8f45_jpg.rf.77e6f24f55cc7ae30fcba1c6b661848a.jpg, 0, 1, 0, 0, 0
181_spot_jpg.rf.75f5a9f51537791ab4e0c9fa6e2fb906.jpg, 0, 0, 0, 0, 1
81_powder_jpg.rf.7704d1afe79646e05cdfe31ebc7dd867.jpg, 0, 0, 0, 1, 0
7_powder_jpg.rf.776037cb8373db6d0650e33ddb6127d3.jpg, 0, 0, 0, 1, 0
35_powder_jpg.rf.73d8e4a43208b42888239abab5373b33.jpg, 0, 0, 0, 1, 0
153_spot_jpg.rf.785b180b9b367f2646371932fcf3b4ac.jpg, 0, 0, 0, 0, 1
120_spot_jpg.rf.7475733370d81710a40e19862bc99990.jpg, 0, 0, 0, 0, 1
189_175f5534_jpg.rf.78d7fce82efb138d285e6b30c768de8f.jpg, 0, 1, 0, 0, 0
48_spot_jpg.rf.7ad218eaa5512a8b6bfd1b7a35e5e4ee.jpg, 0, 0, 0, 0, 1
24_spot_jpg.rf.79164e8b1bebdfd5b47216ad1713fa3e.jpg, 0, 0, 0, 0, 1
19_powder_jpg.rf.7bff0fd650a3ae35dba2b136436fc61b.jpg, 0, 0, 0, 1, 0
150_32f7d831_jpg.rf.7905123ed7d26450a203f1640325bb76.jpg, 0, 1, 0, 0, 0
177_spot_jpg.rf.7c3cccdb01f937a48a714bb8142960cb.jpg, 0, 0, 0, 0, 1
299_ff0135be_jpg.rf.7aed7a81128f8340de97bf268859be80.jpg, 0, 1, 0, 0, 0
image_320_jpg.rf.7dbb3d045e46682c7c218516e35510c6.jpg, 1, 0, 0, 0, 0
015_8d19c4c8_jpg.rf.7edd15cb2dcbc0ec41cd3aba706b0100.jpg, 0, 1, 0, 0, 0
image_164_jpg.rf.7c0e3fc65657ea3ae6c50a05773c87da.jpg, 1, 0, 0, 0, 0
527_df0347cb_jpg.rf.7d5e598a09b3026f4803cf01b81e6c6b.jpg, 0, 1, 0, 0, 0
279_28516da1_jpg.rf.7a99a2e73e0ca4b54070e89f16acd81a.jpg, 0, 1, 0, 0, 0
65_powder_jpg.rf.7d598d7304157ff6c8969ec6d3918951.jpg, 0, 0, 0, 1, 0
111_spot_jpg.rf.7a2b40fb6201187efe1f5cd7b3cbe64b.jpg, 0, 0, 0, 0, 1
29_powder_jpg.rf.7f319aaab7332cfbfce3b52710f59557.jpg, 0, 0, 0, 1, 0
322_82c63e10_jpg.rf.7a9126a739d8af05dd6658aea0b19b3d.jpg, 1, 0, 0, 0, 0
19_powder_jpg.rf.7db6c474e47c528ca0896b2c07fd1862.jpg, 0, 0, 0, 1, 0
73_powder_jpg.rf.7f6a1544f196d251e6ef9cea6dfaf232.jpg, 0, 0, 0, 1, 0
image_332_jpg.rf.7c6c28b108fbe882fb48eb6960d02ec9.jpg, 1, 0, 0, 0, 0
image_250_jpg.rf.7ea42b3ff943b780d704cb416561817e.jpg, 1, 0, 0, 0, 0
137_spot_jpg.rf.7afee413788b61f3b58d0311b00c67c3.jpg, 0, 0, 0, 0, 1
9_spot_jpg.rf.7e2e6742c38e47ca431eaeddb35fbce2.jpg, 0, 0, 0, 0, 1
126_spot_jpg.rf.799fb9795429aaabd86e60eb61d1f724.jpg, 0, 0, 0, 0, 1
83_powder_jpg.rf.7feb5e4bd7ef3a23e54b9be8b89f59ea.jpg, 0, 0, 0, 1, 0
127_spot_jpg.rf.7d48b03a5ae58f35d0b29c9385710d1f.jpg, 0, 0, 0, 0, 1
139_spot_jpg.rf.809cfbaf80f8d94b2669aa7acb91825e.jpg, 0, 0, 0, 0, 1
400_eb19e93c_jpg.rf.83207a6f35a852cca739348ab73eb463.jpg, 0, 0, 1, 0, 0
017_3a947126_jpg.rf.832c05de2a94272766cc7a7c90382515.jpg, 0, 0, 1, 0, 0
341_5aeaf627_jpg.rf.839d2c44c60bc92a1c7840c048faec51.jpg, 1, 0, 0, 0, 0
139_spot_jpg.rf.81d35082f4f8c4ee3b4aa7465208507c.jpg, 0, 0, 0, 0, 1
12_spot_jpg.rf.835aebd6bb58351c6aa8d40c5f9934b2.jpg, 0, 1, 0, 0, 0
74_powder_jpg.rf.846f31bf09e29f310cf6a5b687a8f497.jpg, 0, 0, 0, 1, 0
123_spot_jpg.rf.81266cb7860464519e4a9be6c788eda9.jpg, 0, 0, 0, 0, 1
141_spot_jpg.rf.84887dfdc1115d6ff503912d42845dc5.jpg, 0, 0, 0, 0, 1
302_ccbd3fd7_jpg.rf.847ca39efba997fabf0c96f60bebf6fa.jpg, 0, 0, 0, 0, 1
46_powder_jpg.rf.8210c0bb8592c96d27a459367d7c3c2b.jpg, 0, 0, 0, 1, 0
22_powder_jpg.rf.81b49400be002a26b6e83a9e0b097caa.jpg, 0, 0, 0, 1, 0
149_spot_jpg.rf.81749c96d9a6d6e46b9e421bfabf095e.jpg, 0, 0, 0, 0, 1
88_spot_jpg.rf.836251e824ed3defd11604eae5f60fa6.jpg, 0, 0, 0, 0, 1
80_powder_jpg.rf.8168d7d7006701540915d2d93ff42c9a.jpg, 0, 0, 0, 1, 0
28_powder_jpg.rf.8389937be0a7467c7a4cb3b38e31e49b.jpg, 0, 0, 0, 1, 0
14_spot_jpg.rf.85cf429d0f61ab279eeb2feb5b9d43e0.jpg, 0, 0, 0, 0, 1
551_3d02e4b3_jpg.rf.8483a35720c24713128dcd4b7dabd479.jpg, 0, 0, 1, 0, 0
45_powder_jpg.rf.8470099d8a50f382f1569c26a9e67fe7.jpg, 0, 0, 0, 1, 0
99_spot_jpg.rf.8209791623bc3e4f9d2a4d2cf852abea.jpg, 0, 0, 0, 0, 1
97_spot_jpg.rf.83ea2f5a7bb716196ebdc582b02181f5.jpg, 1, 0, 0, 0, 0
081_c5f9a40c_jpg.rf.832715d726dda9ffe426d65a7100896b.jpg, 0, 0, 1, 0, 0
42_powder_jpg.rf.85a6015925fda0ebe8ec15ed7250e083.jpg, 0, 0, 0, 1, 0
451_43d3605a_jpg.rf.850fe2b02f05b98d10d2429f5aeb0f38.jpg, 1, 0, 0, 0, 0
121_spot_jpg.rf.854bcd8723bd17fa607fb83b9d329552.jpg, 0, 0, 0, 0, 1
737_a34c2d5a_jpg.rf.8807937722045595298dbceb97af50b8.jpg, 1, 0, 0, 0, 0
45_spot_jpg.rf.87df191e125d7274041dc6f9e271c8c1.jpg, 0, 0, 0, 0, 1
15_spot_jpg.rf.869269efa667dd59f6c3b93fe30d9801.jpg, 0, 0, 0, 0, 1
017_916fad64_jpg.rf.876e42eb6fbf02e3139008815127ad5a.jpg, 1, 0, 0, 0, 0
238_55606db7_jpg.rf.882384c72bd90ffd4bff90b8b1d10917.jpg, 0, 1, 0, 0, 0
7_spot_jpg.rf.8695aae3104000bb00108e945c851ded.jpg, 0, 0, 0, 0, 1
30_spot_jpg.rf.8c38254f65c56701d1537bd9804a5c2a.jpg, 0, 0, 0, 0, 1
95_powder_jpg.rf.87101412901d6a4fd5b0824424eb1948.jpg, 0, 0, 0, 1, 0
60_powder_jpg.rf.88d62bf4fe6ab19ad455652cb513d073.jpg, 0, 0, 0, 1, 0
99_powder_jpg.rf.880c84f5542a4be677f4c16064641c4d.jpg, 0, 0, 0, 1, 0
171_spot_jpg.rf.8b57c9cd1455dec107ee37d52ae02507.jpg, 1, 0, 0, 0, 0
067_ee02597d_jpg.rf.883140f74165f7827f5b22724f9c57fb.jpg, 1, 0, 0, 0, 1
075_2b50037f_jpg.rf.8754185165f882bfe3aef474dcb46ea9.jpg, 0, 1, 0, 0, 0
image_276_jpg.rf.86ca7cb49678bbb332ee8f88531fb596.jpg, 1, 0, 0, 0, 0
image_1_jpg.rf.877de66bf4ca5f3107a1b58386a25a18.jpg, 1, 0, 0, 0, 0
98_spot_jpg.rf.85f231d2ad6242199a1a140d34a4d447.jpg, 0, 0, 0, 0, 1
622_301378e5_jpg.rf.89f6513624f27a6a016406f8645a4e80.jpg, 0, 0, 0, 0, 0
84_spot_jpg.rf.87225ad9151a0a6d28844a6da637b0d5.jpg, 0, 0, 0, 0, 1
68_spot_jpg.rf.8a5127094298e778dccd2604c5ae5ea5.jpg, 0, 0, 0, 0, 1
057_0b17cbf1_jpg.rf.8a9b732f94aa9a19035006d40498ca50.jpg, 1, 0, 0, 0, 0
76_spot_jpg.rf.86bc37c4a909cc88c2cb5c6362c48696.jpg, 0, 0, 0, 0, 1
16_spot_jpg.rf.8cb834a2b2f50ad5dadd496adc28ef4c.jpg, 0, 0, 0, 0, 1
008_ce96b939_jpg.rf.8c851053c02eff1243931a8a853ccf6f.jpg, 1, 0, 0, 0, 0
118_spot_jpg.rf.892c9688296d9b52d00e28efa4f1ee9c.jpg, 0, 0, 0, 0, 1
267_092308f4_jpg.rf.8a8216d0eeb5525889da73868012cd19.jpg, 0, 1, 0, 0, 0
84_powder_jpg.rf.8af807a1ab867cd60f0235b06e281416.jpg, 0, 0, 0, 1, 0
12_powder_jpg.rf.8edc120d9b76cd18191dc6cdcc0a4bad.jpg, 0, 0, 0, 1, 0
140_spot_jpg.rf.8fe967473951d2ab9b8c0e93a14a6ea0.jpg, 0, 0, 0, 0, 1
76_powder_jpg.rf.8d52a214a114fa6816b0047561b3ed76.jpg, 0, 0, 0, 1, 0
006_d9abd258_jpg.rf.8f7e3cf4bd40e5fc139ab994af8588ac.jpg, 1, 0, 0, 0, 0
220_80663101_jpg.rf.938ccebbb9ee33d115f5f6ecb755b736.jpg, 1, 0, 0, 0, 0
11_powder_jpg.rf.8ee5ff1a63b74b6acb5a821c2cfe4bcb.jpg, 0, 0, 0, 0, 1
151_cf1e5808_jpg.rf.8fd0d8e567c3c04e5a291361405dab71.jpg, 1, 0, 0, 0, 0
131_spot_jpg.rf.8f022f4e08d25403a41c4070c132313d.jpg, 0, 0, 0, 0, 1
507_99c4c8b0_jpg.rf.8e560684acc8e0c3853d66b224f66251.jpg, 0, 0, 0, 0, 0
image_11_jpg.rf.8ff377413c2e63074ada9f525490c2ff.jpg, 1, 0, 0, 0, 0
737_a34c2d5a_jpg.rf.8cbc92b6484da6d8cc965e81e7bfcf15.jpg, 1, 0, 0, 0, 0
112_powder_jpg.rf.92d28a381a369cf2563bb9416182d72e.jpg, 0, 0, 0, 1, 0
299_ff0135be_jpg.rf.93a1252aacd3f967f7c19a05176b2afb.jpg, 0, 1, 0, 0, 0
56_spot_jpg.rf.8d5200a0bbae89c320d06fdb0ada8963.jpg, 0, 0, 0, 0, 1
12_powder_jpg.rf.8dbaf3739d793e5dd91a1a505eac8b52.jpg, 0, 0, 0, 1, 0
68_spot_jpg.rf.930d9869044857ef9f8fc0d446d2ebbd.jpg, 0, 0, 0, 0, 1
162_3849358d_jpg.rf.92594ea4d9f9499cffa320858f51a940.jpg, 0, 1, 0, 0, 0
559_07d37d73_jpg.rf.941132a339e9b9d66ef7d173473eb107.jpg, 1, 0, 0, 0, 0
image_381_jpg.rf.936059e09a704c8d2e5c46a062dc16f1.jpg, 1, 0, 0, 0, 0
507_99c4c8b0_jpg.rf.903a6e80c016826c2df3e4293104c46d.jpg, 0, 0, 0, 0, 0
93_powder_jpg.rf.92f6ea5d87ce500182789a50a33ce6c1.jpg, 0, 0, 0, 1, 0
032_ce98edb9_jpg.rf.9285d9f36264c1e201b9792c45f61b7d.jpg, 0, 0, 1, 0, 0
400_eb19e93c_jpg.rf.9375454459aa8d009f09c82de2a8f20f.jpg, 0, 0, 1, 0, 0
image_227_jpg.rf.93fa927a401b23d2192f3e70b1a4f6c1.jpg, 1, 0, 0, 0, 0
74_powder_jpg.rf.93c32fab3a64a5200ca51df8f93613e0.jpg, 0, 0, 0, 1, 0
189_175f5534_jpg.rf.94b4d4b521f40654041639914c83ca9b.jpg, 0, 1, 0, 0, 0
106_powder_jpg.rf.96342c16211b92de7e0d65f0c54200a6.jpg, 0, 0, 0, 1, 0
168_spot_jpg.rf.9466a4d24631057996b6c086be945702.jpg, 0, 0, 0, 0, 1
135_spot_jpg.rf.9641fcacaf537261553d586718609161.jpg, 0, 0, 0, 0, 1
60_spot_jpg.rf.9887a58459ea5188adc6309b1f160b7f.jpg, 0, 0, 1, 0, 0
030_cf7c40ea_jpg.rf.996b18d103bfc8b920d0025aaa2a25c2.jpg, 0, 0, 1, 0, 0
057_0b17cbf1_jpg.rf.98bc258f75ac1aec6383e88545bac005.jpg, 1, 0, 0, 0, 0
180_a1a2680c_jpg.rf.96cbb39c5c569350b39932274c064231.jpg, 1, 0, 0, 0, 0
066_56c930c6_jpg.rf.98661c74353d1bb79c2b88483d6b86ef.jpg, 0, 0, 0, 0, 1
451_43d3605a_jpg.rf.98795b592712237fea5b4fbd5fdad7e6.jpg, 1, 0, 0, 0, 0
image_331_jpg.rf.95777bd464f0c37ce91ea7f8b2092c9b.jpg, 1, 0, 0, 0, 0
55_spot_jpg.rf.97047421af034256640bf0274aeca4d5.jpg, 0, 0, 0, 0, 1
92_powder_jpg.rf.953e919cebb21df7fbddca0584cf2430.jpg, 0, 0, 0, 1, 0
92_spot_jpg.rf.9584b8d1741c93dbadfd7ac398897e79.jpg, 0, 0, 0, 0, 1
87_powder_jpg.rf.9685c1c89d125d2bdc1ef401e45ee75e.jpg, 0, 0, 0, 1, 0
97_powder_jpg.rf.9416db4193a3dcec78c8e9fd28196de5.jpg, 0, 0, 0, 1, 0
85_powder_jpg.rf.988769c382835365638f98a0bf648a75.jpg, 0, 0, 0, 1, 0
87_spot_jpg.rf.987efe4386742a7e8b3b4d41feecdc4f.jpg, 0, 0, 0, 0, 1
338_7ff8b703_jpg.rf.94fed6896bd03a4637a9bb4c99ead3fb.jpg, 0, 1, 1, 0, 0
572_8e810728_jpg.rf.9715e071b9386ed56948023949afe717.jpg, 0, 1, 0, 0, 0
088_f440d1ce_jpg.rf.978af48df39f3ddb85d67a8de1fa96ac.jpg, 0, 0, 0, 0, 1
36_powder_jpg.rf.9944f94dbc32b4fdaa886949a85fbf83.jpg, 0, 0, 0, 1, 0
44_spot_jpg.rf.9976423e218a1f6373e11ed0d8f85e54.jpg, 0, 0, 0, 0, 1
101_spot_jpg.rf.96e7cf41aa64058834fd405c3a31a9d8.jpg, 0, 0, 0, 0, 1
38_powder_jpg.rf.957fe217553a87fcabb6137acb082f06.jpg, 0, 0, 0, 1, 0
152_spot_jpg.rf.9a1741583287463a47017048ce44777e.jpg, 0, 0, 0, 0, 1
267_092308f4_jpg.rf.9b11bf9300a30ca89dfd8c30444240b8.jpg, 0, 1, 0, 0, 0
178_spot_jpg.rf.9ba60f34f5cb04636b67f3c4f2503c98.jpg, 0, 0, 0, 1, 0
90_powder_jpg.rf.9ada8c47403020809b874217aad45444.jpg, 0, 0, 0, 1, 0
019_12bdcdf0_jpg.rf.9a71da5eaa730dfe1092a3ede7de987f.jpg, 0, 1, 0, 0, 0
162_spot_jpg.rf.9f84c7f0e4b41a39ae285730a658f694.jpg, 0, 0, 0, 0, 1
032_ce98edb9_jpg.rf.9f409b5b5e9309e22d6f889f82261f58.jpg, 0, 0, 1, 0, 0
image_227_jpg.rf.9d311ddc8d8e395a67f4f9a5964c13bc.jpg, 1, 0, 0, 0, 0
020_2714735a_jpg.rf.9fb0bd5f7dac5539fe2c35cbd5a21fae.jpg, 1, 0, 0, 0, 1
557_01b9d02b_jpg.rf.9c9d2d9adc0aca124b5b18a7902609bd.jpg, 0, 0, 0, 0, 0
223_014c48c9_jpg.rf.9a5b7d18925571fa760d4925db43a11f.jpg, 0, 1, 0, 0, 0
053_6fcbebbc_jpg.rf.a0c987fadf96abcf27a1702fd1fca982.jpg, 0, 1, 0, 0, 0
006_d9abd258_jpg.rf.9bc4e070f1984bff4928548b1c182992.jpg, 1, 0, 0, 0, 0
033_c2fdf9c4_jpg.rf.9e20a45db63eadba2431cdce03e5df3e.jpg, 1, 0, 0, 0, 0
116_31685266_jpg.rf.9fe39954f43881ddb30380033a6a6418.jpg, 0, 0, 0, 0, 1
image_381_jpg.rf.a087fcad120ec69240a2620f26fa2570.jpg, 1, 0, 0, 0, 0
81_powder_jpg.rf.9c4ba601325c02f9995a3dd657f87b84.jpg, 0, 0, 0, 1, 0
101_powder_jpg.rf.9f9de290685cb866559c445392730757.jpg, 0, 0, 0, 1, 0
60_powder_jpg.rf.a0cbddab98b6a4cc2b597a2b940c5cce.jpg, 0, 0, 0, 1, 0
450_5bf1461b_jpg.rf.9ac94c7a1662aefc1069158d315ac0ef.jpg, 1, 0, 0, 0, 0
114_cc4eddaf_jpg.rf.9f1b6319b8da025663f6bb185ee31fe6.jpg, 0, 1, 0, 0, 0
73_powder_jpg.rf.9fec1f2221cd0a65a95f157d4754d088.jpg, 0, 0, 0, 1, 0
622_301378e5_jpg.rf.9fff9cfe643dbd32e15dcfad77e119b4.jpg, 0, 0, 0, 0, 0
038_9fd86337_jpg.rf.9fa71ad69ba663239172fdd324369fe5.jpg, 1, 0, 0, 0, 0
206_8834af19_jpg.rf.9edad72a72dcab975cd53770c49c2d4e.jpg, 0, 0, 0, 0, 0
7_spot_jpg.rf.9fa3cc2c23100c0b272a6b0e15e64e83.jpg, 0, 0, 0, 0, 1
215_8ec3213a_jpg.rf.a16b749758a26cea9c2f93d2ccab4b79.jpg, 0, 1, 0, 0, 0
98_spot_jpg.rf.a1717209a5ad38628944796107b6703d.jpg, 0, 0, 0, 0, 1
62_spot_jpg.rf.a26488b7df6e2a8385fb0268a61010cb.jpg, 0, 0, 0, 0, 1
081_c5f9a40c_jpg.rf.a2e9753be854eeef97ad1546b051927a.jpg, 0, 0, 1, 0, 0
22_powder_jpg.rf.a4a71dc24f03ab0de568e5b3d0478974.jpg, 0, 0, 0, 1, 0
6_powder_jpg.rf.a233855fee2b11639dc37de127077dcf.jpg, 0, 0, 0, 1, 0
93_spot_jpg.rf.a269a0fa1ca4dbffbce134ec26e97150.jpg, 0, 0, 0, 0, 1
151_cf1e5808_jpg.rf.a173eceac2cd02e5415b8a68604baa93.jpg, 1, 0, 0, 0, 0
124_70bfd383_jpg.rf.a459efaa4876e01df6bb67b7ec85a3ed.jpg, 1, 1, 0, 0, 0
111_spot_jpg.rf.a433dd9b3f08a7da65fa9164920d6d51.jpg, 0, 0, 0, 0, 1
012_8ea0987b_jpg.rf.a2665398d73bf878043a44abd9b4f45b.jpg, 1, 0, 1, 0, 0
465_63dcb8ca_jpg.rf.a5b1c81c09f3a2c9008b0e248a8f321b.jpg, 0, 0, 0, 0, 1
125_spot_jpg.rf.a31cdaff565a384d0f90e9d8c03953d4.jpg, 0, 0, 0, 0, 1
052_abc80482_jpg.rf.a418c969cbdba8eedd96b64c78b48878.jpg, 0, 1, 0, 0, 0
image_320_jpg.rf.a20b97d8aeda57e6ebe5d4d16af23988.jpg, 1, 0, 0, 0, 0
113_powder_jpg.rf.a2a04f4373dd50b0a8a8d0d50a243e8f.jpg, 0, 0, 0, 1, 0
417_ba72e81a_jpg.rf.a4f66a76fdaa5723eb8b078ae2495959.jpg, 0, 1, 0, 0, 0
6_spot_jpg.rf.a199a2f9d8d5913298d306cbdc57c519.jpg, 0, 0, 0, 0, 1
131_spot_jpg.rf.a400f16baa33e850a527f03a8efbd89a.jpg, 0, 0, 0, 0, 1
83_powder_jpg.rf.a586519c09055fc256826014ae3c2c30.jpg, 0, 0, 0, 1, 0
50_powder_jpg.rf.a6635a24ef4f60af61592fc788abd4bb.jpg, 0, 0, 0, 1, 0
425_69831c2e_jpg.rf.a50f41a687fe2fe48439c5a07c6f37fc.jpg, 0, 0, 1, 0, 0
391_347861bb_jpg.rf.a2451c454f3d649c93c9e65eba3b1020.jpg, 1, 0, 0, 0, 0
image_125_jpg.rf.a7284d032b95e06e5df3751de08eace4.jpg, 1, 0, 0, 0, 0
145_spot_jpg.rf.a5b5b4d6cb0b78064dc1315da910cc47.jpg, 0, 0, 0, 0, 1
27_spot_jpg.rf.a68a0e2c1cc00462c3e0a672fef01565.jpg, 0, 0, 0, 0, 1
113_powder_jpg.rf.a6a214618c984e58fc219133986f03a4.jpg, 0, 0, 0, 1, 0
019_12bdcdf0_jpg.rf.a6e2a4f195845a1da0aa17b6853db54f.jpg, 0, 1, 0, 0, 0
104_2f38ee8d_jpg.rf.a64c2d591995d3928fdec350f39b2729.jpg, 0, 1, 0, 0, 0
069_ae759d5a_jpg.rf.a73b2784c4d5e1d7f931f050852bdd40.jpg, 1, 0, 0, 0, 0
276_330b6f96_jpg.rf.a773fdd299513c6c048c54c256e15c87.jpg, 0, 0, 0, 0, 1
073_0ee03b04_jpg.rf.a83d0909e0c0e3f874bf22cfdc43c7f3.jpg, 0, 1, 0, 0, 0
465_63dcb8ca_jpg.rf.a75f50a870bac117a0d1e850187d1023.jpg, 0, 0, 0, 0, 1
75_spot_jpg.rf.a77a213e96518aa3925a6f540963856d.jpg, 0, 0, 0, 0, 1
27_spot_jpg.rf.a7a2ad35d1fb6a6c6bd1ef72a04762f0.jpg, 0, 0, 0, 0, 1
112_spot_jpg.rf.a8a95bf1ee47fe050b7fc603f0ff9ade.jpg, 0, 0, 0, 0, 1
108_powder_jpg.rf.a75f09ffe69d921554f8993db49755cd.jpg, 0, 0, 0, 1, 0
83_spot_jpg.rf.a9342d99b6928586665ac120764d284f.jpg, 0, 0, 0, 0, 1
132_spot_jpg.rf.aa29615043a1be385643ce5efe0d1d73.jpg, 0, 0, 0, 0, 1
60_powder_jpg.rf.aa58d6c2cafa5fc463c659c6cebee3db.jpg, 0, 0, 0, 1, 0
image_276_jpg.rf.a8084b9acc0dbc1625d45bab4339eb20.jpg, 1, 0, 0, 0, 0
038_9fd86337_jpg.rf.aac5cdb0c1ad764dfb5491f85d318834.jpg, 1, 0, 0, 0, 0
151_spot_jpg.rf.a9737551869880b27cd8bb9fab117465.jpg, 0, 0, 0, 0, 1
104_2f38ee8d_jpg.rf.a9d7d23a896c22e7bc59dc96942d6896.jpg, 0, 1, 0, 0, 0
31_spot_jpg.rf.a8b8c85fc128d50848cca24ac46f6f8d.jpg, 0, 0, 0, 0, 1
123_spot_jpg.rf.aad813bccd7df241a5a3da0d40b13289.jpg, 0, 0, 0, 0, 1
113_powder_jpg.rf.aa277850f2bada18a9e0d3721b257d8f.jpg, 0, 0, 0, 1, 0
49_powder_jpg.rf.a7fa2747645bfb7215357ed07859b371.jpg, 0, 0, 0, 1, 0
154_spot_jpg.rf.ad173151e7666bea36c740b4f56df1b6.jpg, 0, 0, 0, 0, 1
99_powder_jpg.rf.ade5a6f97485f3742f70b09dd88093aa.jpg, 0, 0, 0, 1, 0
72_spot_jpg.rf.ac48ccd0c0df0c41747ba235c8a837ca.jpg, 0, 0, 0, 0, 1
23_spot_jpg.rf.ae414b3b8810b30657a86835f74f44f6.jpg, 0, 0, 0, 0, 1
071_153dfa78_jpg.rf.accf5c3b42db6dfbc8390c404059b777.jpg, 0, 1, 0, 0, 0
65_spot_jpg.rf.aedc80727df93ff189e8b196d0173dbe.jpg, 0, 0, 0, 0, 1
118_spot_jpg.rf.ac8222196210779ec2fb8fc1175c8e9f.jpg, 0, 0, 0, 0, 1
150_32f7d831_jpg.rf.acace7741a87f8e099ae15ef7ed1459c.jpg, 0, 1, 0, 0, 0
13_spot_jpg.rf.ada37c542262539d10c1ff40f59d3dc8.jpg, 0, 0, 0, 0, 1
353_9eb36f4f_jpg.rf.af8c9a7d76454acf687e23f15673e765.jpg, 0, 1, 0, 0, 0
165_spot_jpg.rf.b04cc5f9f727b85e00afd4e92e4a4b31.jpg, 0, 0, 0, 0, 1
28_powder_jpg.rf.aea5164feb0619f51055cd1fca8e771b.jpg, 0, 0, 0, 1, 0
294_154e38f1_jpg.rf.b067d77d4bccd43458e3b38b41f1192f.jpg, 0, 1, 0, 0, 0
175_spot_jpg.rf.afdd92c6243a71e56863a2554ef1703d.jpg, 1, 0, 0, 0, 1
42_powder_jpg.rf.af1ed3e3bbb5860b29d863ae469f8f80.jpg, 0, 0, 0, 1, 0
192_4ea67702_jpg.rf.af7f0f5d5ab00139b73c830f5ca2641b.jpg, 1, 1, 0, 0, 0
90_spot_jpg.rf.b0b21d814f76be7ce22afb47637abec3.jpg, 0, 0, 0, 0, 1
62_spot_jpg.rf.b011a6c2d40b602fe2f0d05f0f02fa9d.jpg, 0, 0, 0, 0, 1
072_d549c522_jpg.rf.abd21e13b17d40655e880ea020acaa5f.jpg, 0, 1, 0, 0, 0
image_164_jpg.rf.aaec8180099371e5f8087f053e3e3990.jpg, 1, 0, 0, 0, 0
73_powder_jpg.rf.ab846b5bb799f169e973876a9cf12cb1.jpg, 0, 0, 0, 1, 0
45_powder_jpg.rf.aedd4388b5ea30a1fd7ceedded65a640.jpg, 0, 0, 0, 1, 0
038_9fd86337_jpg.rf.ab394c24f1ea23b5c6212e9450866a5c.jpg, 1, 0, 0, 0, 0
83_powder_jpg.rf.b0d610fead3505f39e41605e53369cd4.jpg, 0, 0, 0, 1, 0
47_powder_jpg.rf.aae9a27af0831eb5f5aedf8f774f43c7.jpg, 0, 0, 0, 1, 0
183_d1ae6059_jpg.rf.b2f424cea87a56c4a6b15740dff1a804.jpg, 0, 0, 1, 0, 0
136_spot_jpg.rf.b1e80223120e90b36ac5eaa465e3d70e.jpg, 0, 0, 0, 0, 1
21_powder_jpg.rf.b15d7fb7590c6b92b59c577c9fb8be10.jpg, 0, 0, 0, 1, 0
127_spot_jpg.rf.b4f97dc34c304d0a5f3f73a7738d0e47.jpg, 0, 0, 0, 0, 1
68_powder_jpg.rf.b2dd2f0e03b9560c0d0de163572a4f0a.jpg, 0, 0, 0, 1, 0
101_spot_jpg.rf.b3a48cf57cc37de3b167673f8a50d596.jpg, 0, 0, 0, 0, 1
23_spot_jpg.rf.b38fb633ebc17e24f4c65c3659929d2f.jpg, 0, 0, 0, 0, 1
242_353692f4_jpg.rf.b42258e29f66f8e7f8b07495839da888.jpg, 0, 1, 0, 0, 0
557_01b9d02b_jpg.rf.b541522910a4d1acf628bae576f2eea5.jpg, 0, 0, 0, 0, 0
361_b5a0abd1_jpg.rf.b24afd7df1e3e7cfb51920518af0e35e.jpg, 0, 0, 1, 0, 0
58_spot_jpg.rf.b5741187453e6ef9c0c47a562fc64204.jpg, 0, 0, 0, 0, 1
053_6fcbebbc_jpg.rf.b5def677578386b89868af00a1cc8a5c.jpg, 0, 1, 0, 0, 0
021_2d0c1175_jpg.rf.b2b880ba1fb16ab76fbc0a094350dabb.jpg, 1, 0, 0, 0, 0
258_da6f2af1_jpg.rf.b8078e6ac3db0ad8d4308c47ae11f7d4.jpg, 1, 0, 0, 0, 0
143_spot_jpg.rf.b5d679609e32dc864bf0e9d487eda11a.jpg, 0, 0, 0, 0, 1
067_ee02597d_jpg.rf.b61153cec8969811ef497eadbb840e1f.jpg, 1, 0, 0, 0, 1
79_powder_jpg.rf.b1cb7196f0ac5837df76e66977cc6512.jpg, 0, 0, 0, 1, 0
030_cf7c40ea_jpg.rf.b5395d7fdc7427bdd766284b776fe598.jpg, 0, 0, 1, 0, 0
60_spot_jpg.rf.b73d91557da320b9e47e89617390323a.jpg, 0, 0, 1, 0, 0
96_spot_jpg.rf.b6315036d690b3c23043b4f8e590f6b7.jpg, 0, 0, 0, 0, 1
074_e12b96a4_jpg.rf.b4fa5dc22a2757ceb815a79ec8bd8efa.jpg, 0, 1, 0, 0, 1
124_70bfd383_jpg.rf.b81d096968e395bcc1cceb4ad8ad0939.jpg, 1, 1, 0, 0, 0
image_604_jpg.rf.b5810adf4e2ecfaa5d58808524730190.jpg, 1, 0, 0, 0, 0
12_powder_jpg.rf.b6b84f87a6f8baa9efd6e2cfa627ec5f.jpg, 0, 0, 0, 1, 0
19_spot_jpg.rf.b12c471962328b38fd47f32ae26b0b48.jpg, 0, 0, 0, 0, 1
65_spot_jpg.rf.b6f3481cae80cd8ab98a88c5f911d1f7.jpg, 0, 0, 0, 0, 1
99_spot_jpg.rf.b9047b1438d90972d0a93c282b39283c.jpg, 0, 0, 0, 0, 1
138_spot_jpg.rf.b9136747304edc171a3e32223f8aa1ba.jpg, 0, 0, 0, 0, 1
094_65aa95fb_jpg.rf.b83c8ba6b188078cd9d65d88ca512d21.jpg, 0, 1, 0, 0, 0
046_05b3348d_jpg.rf.b8bf3ebf7a70d30a67ce50b5288013bd.jpg, 0, 1, 0, 0, 0
84_spot_jpg.rf.b9252080e4d1681f4afa66c0eb21bdf5.jpg, 0, 0, 0, 0, 1
33_spot_jpg.rf.bc05385e86c1907c492f65b3800810e3.jpg, 0, 0, 0, 0, 1
77_spot_jpg.rf.b86ec7656ee32884b7ab924e537bd3dc.jpg, 0, 0, 0, 0, 1
067_ee02597d_jpg.rf.baa9861c93c13b74a018bb2046a49753.jpg, 1, 0, 0, 0, 1
52_powder_jpg.rf.baa518b53f58c090a25aedc67f5f01f0.jpg, 1, 0, 0, 0, 0
175_spot_jpg.rf.bcc1a67b08efd0244882b6631389b47a.jpg, 1, 0, 0, 0, 1
018_dd67bb59_jpg.rf.bcb2c3314bc2c3d8adf9c465f1aaebd9.jpg, 0, 1, 0, 0, 0
311_66d58d54_jpg.rf.bcffb70d26f08b3be5dba85a865af36b.jpg, 1, 0, 0, 0, 0
48_powder_jpg.rf.b8bdaf9cea6ef5f07550dbe1fa7f9356.jpg, 0, 0, 0, 1, 0
179_spot_jpg.rf.bc7fe026057ce50c2fe863750a0fa3cf.jpg, 0, 0, 0, 0, 1
073_0ee03b04_jpg.rf.be52426d5f13913c43a52b19d1b5c76b.jpg, 0, 1, 0, 0, 0
15_powder_jpg.rf.b9f733759394e553a66f5c5cba81febf.jpg, 0, 0, 0, 1, 0
184_f8bc5c69_jpg.rf.be61595ce05470dd96e4e92bde9369f6.jpg, 0, 1, 1, 0, 0
14_spot_jpg.rf.bd57b0c5b99e0c1fdf56c805f92c2ef3.jpg, 0, 0, 0, 0, 1
image_276_jpg.rf.b82b8719806352b52f369a7666030718.jpg, 1, 0, 0, 0, 0
82_powder_jpg.rf.be45627dcf81cd9ea1b996cb012e091f.jpg, 0, 0, 0, 1, 0
56_powder_jpg.rf.bbafe5094d0b603c430864e167a421ef.jpg, 0, 0, 0, 1, 0
169_spot_jpg.rf.b90898b01ae1bec2f43661feb317b599.jpg, 0, 0, 0, 0, 1
015_8d19c4c8_jpg.rf.bec3b508f62becce23ddb98f3a94b152.jpg, 0, 1, 0, 0, 0
image_1_jpg.rf.ba8f51e84dda9130be94bd8a9dc23de1.jpg, 1, 0, 0, 0, 0
21_powder_jpg.rf.be0a81417f5c65f9160a77f4ec49a5d7.jpg, 0, 0, 0, 1, 0
116_powder_jpg.rf.b9ef9f932240a6e458b508c8b476a441.jpg, 0, 0, 0, 1, 0
image_604_jpg.rf.bf5b2f75475c0399c5f1661c7a498177.jpg, 1, 0, 0, 0, 0
41_spot_jpg.rf.c02f0b1d37cf9d84cda93a495571af2a.jpg, 0, 0, 0, 0, 1
46_powder_jpg.rf.c2273c8a0f6eaa8a2546558b6ec66041.jpg, 0, 0, 0, 1, 0
74_spot_jpg.rf.c047418f7b1050c2923cc2ddb633cb17.jpg, 0, 0, 0, 0, 1
93_spot_jpg.rf.c0d8317ed53b6706fd056b6129079b4a.jpg, 0, 0, 0, 0, 1
112_spot_jpg.rf.c38936799056455af8e4059cc2c9b624.jpg, 0, 0, 0, 0, 1
095_c63d70b6_jpg.rf.c2043a45fe98a48638cdab35772f68d7.jpg, 0, 1, 0, 0, 0
114_spot_jpg.rf.c0ba4b02e4bebf3e7bc083eec1ae3bb1.jpg, 0, 0, 0, 0, 1
96_spot_jpg.rf.bf492d3a9a0d8513072de3337faacbda.jpg, 0, 0, 0, 0, 1
78_powder_jpg.rf.c1019bdace7f9245b0cf5124840c6af1.jpg, 0, 0, 0, 1, 0
21_powder_jpg.rf.c3f04123c25020b8dc053fd8a97db50c.jpg, 0, 0, 0, 1, 0
223_014c48c9_jpg.rf.c28230fe404a1089456a882379a8bd53.jpg, 0, 1, 0, 0, 0
87_powder_jpg.rf.c048783d62374148d05b49348d69e0b2.jpg, 0, 0, 0, 1, 0
56_powder_jpg.rf.c2a32e4379951f456ac23057a53142d2.jpg, 0, 0, 0, 1, 0
179_spot_jpg.rf.c2aa144ef972a2807b0795ad5683365e.jpg, 0, 0, 0, 0, 1
279_28516da1_jpg.rf.c4bb8166ef8786c442af46645a3e2b22.jpg, 0, 1, 0, 0, 0
527_df0347cb_jpg.rf.c211fe6dc1633d8db6d66a38770ceb77.jpg, 0, 1, 0, 0, 0
299_ff0135be_jpg.rf.c1a34f8f13b69c61207bf3fa900d5e2e.jpg, 0, 1, 0, 0, 0
114_cc4eddaf_jpg.rf.c52c6054ae6a6d2e32426c16b8ae2bd5.jpg, 0, 1, 0, 0, 0
072_d549c522_jpg.rf.c14cb58c63d70a4dd7e1b7c9ad1472bf.jpg, 0, 1, 0, 0, 0
094_65aa95fb_jpg.rf.c3ce173e1222f9f8d198f5ad2704124e.jpg, 0, 1, 0, 0, 0
245_cf3f36fa_jpg.rf.c0882e5f6c644747e3b9799697aab041.jpg, 0, 1, 0, 0, 0
019_12bdcdf0_jpg.rf.c48e2ab99868dd7c03b5659bb2d21388.jpg, 0, 1, 0, 0, 0
95_powder_jpg.rf.c50f415f83ad1d6242c0c1cce6b2d961.jpg, 0, 0, 0, 1, 0
118_spot_jpg.rf.c4d2203055062cfbb9a0b75cf7fad741.jpg, 0, 0, 0, 0, 1
036_869e5bcb_jpg.rf.c61eed329d5916c857613a7f7819b5cf.jpg, 0, 0, 1, 0, 0
009_3321b9ce_jpg.rf.c63111c8119a3e025413270b4b3cfe73.jpg, 1, 0, 0, 0, 0
013_e2f21a17_jpg.rf.c6eb1e5e1236de416b3c5942a8a521e7.jpg, 1, 0, 0, 0, 0
152_0ff1d61a_jpg.rf.c9f5f09151fb0721910898f537d9ce13.jpg, 0, 0, 0, 0, 0
570_f94e1c22_jpg.rf.c98689db082840fd20cc0a7a9e49d8c7.jpg, 0, 1, 0, 0, 0
110_spot_jpg.rf.c841b335c291a46f48ff15d4843ee3b4.jpg, 0, 0, 0, 0, 1
43_powder_jpg.rf.c9989f2a92e405faee18e025aead8209.jpg, 0, 0, 0, 1, 0
507_99c4c8b0_jpg.rf.c71620bddd4ed98527c88d9663a9d9cf.jpg, 0, 0, 0, 0, 0
19_spot_jpg.rf.cc43a9d2d7c3c95d13b5250a29d24265.jpg, 0, 0, 0, 0, 1
131_spot_jpg.rf.ca1886fdcb29aef3696d033c6003b597.jpg, 0, 0, 0, 0, 1
269_31b0bc2b_jpg.rf.c58e1344bbd87332f9e552dc5f8203d5.jpg, 0, 1, 0, 0, 0
100_spot_jpg.rf.c8cd13d8151119a8d2be9d53aa6d436f.jpg, 0, 0, 0, 0, 1
42_spot_jpg.rf.cc9da31dc55bbdc924d2481398ddb06d.jpg, 0, 0, 0, 0, 1
9_powder_jpg.rf.ca36fe20ddf60a1f9a24a0a2932d4873.jpg, 0, 0, 0, 1, 0
353_25d81dfd_jpg.rf.ca0f5b163f01a04d1646f3b3c1c51270.jpg, 1, 0, 0, 0, 0
44_powder_jpg.rf.ca70b30b6932d961a4b71288c3de9014.jpg, 0, 0, 0, 1, 0
30_spot_jpg.rf.c6eabff1d6400966fb2685665755cd59.jpg, 0, 0, 0, 0, 1
390_4c1b393a_jpg.rf.c62e84cd8cb273157e60ca3e330bd2d1.jpg, 0, 1, 0, 0, 0
image_332_jpg.rf.c8c88cf467efd0e25ae5168bac845c4a.jpg, 1, 0, 0, 0, 0
045_58a2dbca_jpg.rf.ca46c8e45265c01d79b87811a3956392.jpg, 0, 0, 1, 0, 0
69_spot_jpg.rf.c64614429b52a1e2cfe805c50c0da581.jpg, 0, 0, 0, 0, 1
425_69831c2e_jpg.rf.c98abcf69dbba6477963d903153ded6a.jpg, 0, 0, 1, 0, 0
90_spot_jpg.rf.cd739de0b7dfd5f5753e9f7150cbe14c.jpg, 0, 0, 0, 0, 1
121_spot_jpg.rf.cd88b3514016d5ab1753999272f5bc00.jpg, 0, 0, 0, 0, 1
010_4042bc0b_jpg.rf.ce4436ea2f754630f093e38586c70c68.jpg, 1, 0, 0, 0, 0
162_3849358d_jpg.rf.c9d6312d9a762eefb5f114db9ca41266.jpg, 0, 1, 0, 0, 0
42_spot_jpg.rf.ce9ddca972fcb9309213bde51ac76124.jpg, 0, 0, 0, 0, 1
74_spot_jpg.rf.cf61f69d4f92cb57406a1c11120cc483.jpg, 0, 0, 0, 0, 1
180_a1a2680c_jpg.rf.ceda9c713dcae380deb685e68deb6755.jpg, 1, 0, 0, 0, 0
289_9c417c6a_jpg.rf.cf17bb4f34ce570ebc112a2ba84755eb.jpg, 0, 1, 0, 0, 0
48_spot_jpg.rf.d0313209aa8bf0804b3065a53ce2628c.jpg, 0, 0, 0, 0, 1
465_63dcb8ca_jpg.rf.d1dc3b037307b4c6a0b6033a0fcec196.jpg, 0, 0, 0, 0, 1
image_12_jpg.rf.d0e494cfc0b70af7e3aac6689c7c06a7.jpg, 1, 0, 0, 0, 0
106_spot_jpg.rf.d1a01c552c13542ae47f7d89cf40f495.jpg, 0, 0, 0, 0, 1
532_994f14f2_jpg.rf.cea1562a26cc0e1b0b0479c2f28abb5f.jpg, 0, 1, 0, 0, 0
76_powder_jpg.rf.d0eb55f12b9c5176e465fc1ca2201cdf.jpg, 0, 0, 0, 1, 0
163_spot_jpg.rf.d2beed7ba02b34e101b34880121658c6.jpg, 0, 0, 0, 0, 1
97_powder_jpg.rf.c70d8b61d60034bbd8b01f35186e4a6c.jpg, 0, 0, 0, 1, 0
019_96022575_jpg.rf.cfaa82773d0c6c0ef969291717579bdb.jpg, 1, 0, 0, 0, 0
274_9b07bfff_jpg.rf.d333e5f909e168dd43408d41c0a40297.jpg, 0, 1, 0, 0, 0
172_spot_jpg.rf.d3905fa25a852260cc9a8f0fdb2c4b57.jpg, 0, 0, 0, 0, 1
image_234_jpg.rf.d363def851dbfcbc70d0529755d1f811.jpg, 1, 0, 0, 0, 0
049_d29041e7_jpg.rf.d3961efc073429ea3e1bc5a26b8da34b.jpg, 0, 0, 0, 0, 0
image_331_jpg.rf.d410e4e22b7d8bb58fde2773cff676cb.jpg, 1, 0, 0, 0, 0
22_spot_jpg.rf.d19f3c86bc49de02369a276d412e00ab.jpg, 0, 0, 0, 0, 1
101_powder_jpg.rf.cfe81aa7eacdffd0264d3775432ec632.jpg, 0, 0, 0, 1, 0
55_spot_jpg.rf.d46b6ea376debf9859619b42e2ff4589.jpg, 0, 0, 0, 0, 1
105_spot_jpg.rf.d2583006c9f5018dc4af7a81473a2a5d.jpg, 0, 0, 0, 0, 1
132_spot_jpg.rf.d3e216a6b75e915f3d1d335370ede2aa.jpg, 0, 0, 0, 0, 1
124_70bfd383_jpg.rf.d35b0b1b0ad02cab3d92a36d94ffd1be.jpg, 1, 1, 0, 0, 0
95_spot_jpg.rf.d09b796a89babb1c4589715a8739dc99.jpg, 0, 0, 0, 0, 1
016_8a93cf14_jpg.rf.d46ef7d337995388bcb4c06a6d3a52a3.jpg, 0, 0, 0, 0, 1
49_powder_jpg.rf.d1d092c5cda380a8945600f9fc71e23c.jpg, 0, 0, 0, 1, 0
063_da61bd3e_jpg.rf.d4954d1fbdfa726221d243f8ec4be91f.jpg, 1, 0, 0, 0, 0
115_powder_jpg.rf.d4f086e7475fd9b8265064b976e233ea.jpg, 0, 0, 0, 1, 0
image_11_jpg.rf.d573dc267e5c38b9b46e324ecb126763.jpg, 1, 0, 0, 0, 0
147_spot_jpg.rf.d56399e84f1b2105348e0aa45787b860.jpg, 0, 0, 0, 0, 1
361_b5a0abd1_jpg.rf.d691c2320b9f6c11e5924903541fb02e.jpg, 0, 0, 1, 0, 0
36_powder_jpg.rf.d8a96899f1effce659e36bd0b3e2f7ad.jpg, 0, 0, 0, 1, 0
012_8ea0987b_jpg.rf.d67610cf1503af855831ce27359022af.jpg, 1, 0, 1, 0, 0
76_spot_jpg.rf.d805a7e358cfa111d124960e9e91cd38.jpg, 0, 0, 0, 0, 1
68_powder_jpg.rf.d7a7126ad99f6007722f754315ac145c.jpg, 0, 0, 0, 1, 0
022_ebb3532c_jpg.rf.d7add4d2a5d163eab7dae65e956f9b69.jpg, 0, 0, 1, 0, 0
70_spot_jpg.rf.d7f9c8cf3e70132ba7884be0478d8364.jpg, 0, 0, 0, 0, 1
165_spot_jpg.rf.d8223247c194e430c345d5709135b061.jpg, 0, 0, 0, 0, 1
85_powder_jpg.rf.d9de9e2e9c69f27593be2ef5287f568c.jpg, 0, 0, 0, 1, 0
172_spot_jpg.rf.d959b95d8121a35c8c0988137f343bba.jpg, 0, 0, 0, 0, 1
84_powder_jpg.rf.d9bbc39deea4004290b86920c776a853.jpg, 0, 0, 0, 1, 0
143_spot_jpg.rf.d605acfb843b0ac2f9b80327a27bb3b1.jpg, 0, 0, 0, 0, 1
19_spot_jpg.rf.d76c0541fb65e2fe13f62bbfc8144206.jpg, 0, 0, 0, 0, 1
390_4c1b393a_jpg.rf.d83e5807d165cd18d0890cebae1e83b7.jpg, 0, 1, 0, 0, 0
137_spot_jpg.rf.d7c3d7ea54cdea8e413250e8cbef1e5c.jpg, 0, 0, 0, 0, 1
006_d9abd258_jpg.rf.da119a4fc5fae828febab2ee7be60533.jpg, 1, 0, 0, 0, 0
010_4042bc0b_jpg.rf.d84a76c39de2345177fcea926ee8519b.jpg, 1, 0, 0, 0, 0
14_powder_jpg.rf.d4e9ca460a893be9c2026804c1148fb4.jpg, 0, 0, 0, 1, 0
48_spot_jpg.rf.d9f7f1ab4cfea866338551774091fe84.jpg, 0, 0, 0, 0, 1
163_spot_jpg.rf.d921785ae391cd0b5240b43f88e16cf8.jpg, 0, 0, 0, 0, 1
36_spot_jpg.rf.d8f798564db50ea88524c2078c9008a5.jpg, 0, 0, 0, 0, 1
450_5bf1461b_jpg.rf.d59563d455176315fc174dfdd1c1a4bf.jpg, 1, 0, 0, 0, 0
1_spot_jpg.rf.dae34159cb99f3bcb1327e92238b5b1f.jpg, 0, 0, 0, 0, 1
532_994f14f2_jpg.rf.db7537fcbb383946e007b39586622820.jpg, 0, 1, 0, 0, 0
36_powder_jpg.rf.daa6f77c845221300f3fdc981d471800.jpg, 0, 0, 0, 1, 0
131_587d023b_jpg.rf.da55d72d2d234610aa20665da28a0a39.jpg, 1, 0, 0, 0, 0
80_spot_jpg.rf.dbf0621237f05775a210b40a62f1a856.jpg, 0, 0, 0, 0, 1
072_d549c522_jpg.rf.da4b6b51f6cc02f4e7b11fbc2a5cd6d1.jpg, 0, 1, 0, 0, 0
115_powder_jpg.rf.dc06543faac6e53fa2ad13e72927f36e.jpg, 0, 0, 0, 1, 0
82_powder_jpg.rf.d528861e3e3dcb42488f1e6e7650a213.jpg, 0, 0, 0, 1, 0
42_spot_jpg.rf.daf1ce5d3bd8f51371c7101740c8687a.jpg, 0, 0, 0, 0, 1
158_spot_jpg.rf.dc2dad53ecdb1873dd55bedeb7362180.jpg, 0, 0, 0, 0, 1
77_powder_jpg.rf.dabb439ed3073eedbc5a0e74dc749b54.jpg, 0, 0, 0, 1, 0
67_spot_jpg.rf.dd87b653b1dfdf7478c548559c6a8a86.jpg, 0, 0, 0, 0, 1
69_powder_jpg.rf.db3173486e7dfd4223e7437ccc54fb27.jpg, 0, 0, 0, 1, 0
170_spot_jpg.rf.ddf00ba7c5fe49e36a8b11bd109be2d1.jpg, 0, 0, 0, 0, 0
074_e12b96a4_jpg.rf.dd95dbfc8c0ac965ff7b233a7bbee783.jpg, 0, 1, 0, 0, 1
15_spot_jpg.rf.ddea2e7b9a2909f1fea74685bf91a03d.jpg, 0, 0, 0, 0, 1
111_spot_jpg.rf.dcb546a80226c32862ab2e3d8a419dce.jpg, 0, 0, 0, 0, 1
289_9c417c6a_jpg.rf.dd96e59ae5d28ac4789d4922f0f5d22d.jpg, 0, 1, 0, 0, 0
204_fe8017b1_jpg.rf.da3248fb2aa676b12b3c554c7739432a.jpg, 0, 1, 0, 0, 0
128_spot_jpg.rf.ddaaa56f3652c7ee16da35092ed96197.jpg, 0, 0, 0, 0, 1
171_spot_jpg.rf.df51c5624dc04fcc0c6d06aa8206f693.jpg, 1, 0, 0, 0, 0
159_spot_jpg.rf.df906cc3e36a20f893c1ce1238d156bf.jpg, 0, 0, 0, 0, 1
45_spot_jpg.rf.dfa77384c98d215bcb2adcf642a8a4bd.jpg, 0, 0, 0, 0, 1
126_spot_jpg.rf.e22b62bf89104040c2707fbe262a1710.jpg, 0, 0, 0, 0, 1
image_234_jpg.rf.e160159f96bd1d028ca4c531521c7836.jpg, 1, 0, 0, 0, 0
071_153dfa78_jpg.rf.e005aafe8c29a828641f428b2a3b9747.jpg, 0, 1, 0, 0, 0
94_powder_jpg.rf.e107281b03350c0ec0aaa448928cf363.jpg, 0, 0, 0, 1, 0
67_spot_jpg.rf.dfc77c309330d5483f159c6335c70d3d.jpg, 0, 0, 0, 0, 1
image_250_jpg.rf.e28831cbe82b46aa32191d4ea48d1616.jpg, 1, 0, 0, 0, 0
64_spot_jpg.rf.e41f469c20cb81ee693ca23b27d4b38f.jpg, 0, 0, 0, 1, 0
52_spot_jpg.rf.e0c09afaaaf999f1caae25e498c1ae94.jpg, 0, 0, 0, 0, 1
61_powder_jpg.rf.dfd3209984ed78618f8ec73adf2d4199.jpg, 0, 0, 0, 1, 0
87_spot_jpg.rf.e19100fb0e452817f6c8f3139fb88117.jpg, 0, 0, 0, 0, 1
image_250_jpg.rf.e1967553f29bbc6c436978b37a67cc29.jpg, 1, 0, 0, 0, 0
87_spot_jpg.rf.e1ba369d203f44ae34c1d00276890941.jpg, 0, 0, 0, 0, 1
55_powder_jpg.rf.debb1b43410b4560980a2f37e1f60107.jpg, 0, 0, 0, 1, 0
16_spot_jpg.rf.e39da02975c3c932ec80dbe3f712d4ac.jpg, 0, 0, 0, 0, 1
41_spot_jpg.rf.e1eb89d73b47e0c451f423049eb84295.jpg, 0, 0, 0, 0, 1
192_4ea67702_jpg.rf.e1b8cb24d7584e797b5df83797ef64a5.jpg, 1, 1, 0, 0, 0
24_spot_jpg.rf.e320eebdb83a63c68bb68de09a278096.jpg, 0, 0, 0, 0, 1
78_powder_jpg.rf.e1ee2d2e11c07585e5c4b3223ba25417.jpg, 0, 0, 0, 1, 0
13_powder_jpg.rf.e411864c9b9795cb5597184d28189628.jpg, 0, 0, 0, 1, 0
143_2bbf8950_jpg.rf.dfa38fc2397b4f7e502f84d127ab2b07.jpg, 0, 0, 1, 0, 0
118_powder_jpg.rf.e4a3449ef2b5ddd9debc3b0a302a06cc.jpg, 0, 0, 0, 1, 0
204_fe8017b1_jpg.rf.e489ad3bbf8a1ca7ae0add37c79ea767.jpg, 0, 1, 0, 0, 0
55_powder_jpg.rf.e0820037404b6ca88e8e59181e6d2c04.jpg, 0, 0, 0, 1, 0
063_da61bd3e_jpg.rf.e559a2d7b0e833bbc91229b2cb9225f2.jpg, 1, 0, 0, 0, 0
78_powder_jpg.rf.dfb53f164678d18928e224737a003865.jpg, 0, 0, 0, 1, 0
33_powder_jpg.rf.e50df16326e3a738a81ca43f3c5265ff.jpg, 0, 0, 0, 1, 0
010_4042bc0b_jpg.rf.e617a6d3823fc3002f5cd086236efd30.jpg, 1, 0, 0, 0, 0
76_spot_jpg.rf.e6823f7e78c14a500af4fc93accfb8a0.jpg, 0, 0, 0, 0, 1
image_163_jpg.rf.e58347c97acec7cc97cdd31f3666edca.jpg, 1, 0, 0, 0, 0
3_powder_jpg.rf.e6a536781f1aaea883a2fdbd38c8f760.jpg, 0, 0, 0, 1, 0
15_spot_jpg.rf.e60402bd55fd586ca9829b9732c4dd71.jpg, 0, 0, 0, 0, 1
245_cf3f36fa_jpg.rf.e78637d7e9d01849cb1562079cbfddbe.jpg, 0, 1, 0, 0, 0
81_spot_jpg.rf.e8f8572af1da6f2c69a26df0fd7e89e3.jpg, 0, 0, 0, 0, 1
2_spot_jpg.rf.e98fffdc8efe484e2c375bfb92a3ae17.jpg, 0, 0, 0, 0, 1
095_c63d70b6_jpg.rf.e82ec831c3fd4afad58c7cf40c9bd690.jpg, 0, 1, 0, 0, 0
22_spot_jpg.rf.e98702b48415168e3445879ce899b6de.jpg, 0, 0, 0, 0, 1
018_dd67bb59_jpg.rf.e87d72b94bfdf4c3031356fc07f1276b.jpg, 0, 1, 0, 0, 0
100_spot_jpg.rf.e9a9d6f6e7f7444ed6c33c5c51eb9c52.jpg, 0, 0, 0, 0, 1
99_spot_jpg.rf.e96e205907757584c9620ddba307bfb3.jpg, 0, 0, 0, 0, 1
61_powder_jpg.rf.e5467cee627e9f6c9914f90c59ea9be7.jpg, 0, 0, 0, 1, 0
22_powder_jpg.rf.e82f40ffa71bdfdba2ac97bc1b8baedd.jpg, 0, 0, 0, 1, 0
83_spot_jpg.rf.e7ef937f85a81485350c0b6bc438392e.jpg, 0, 0, 0, 0, 1
58_spot_jpg.rf.e854829df5009aa46ec6f458857ee82f.jpg, 0, 0, 0, 0, 1
211_2934a320_jpg.rf.e999f9dda32216cab5bc886852675097.jpg, 0, 1, 0, 0, 0
162_spot_jpg.rf.e7b6e2ec8952071a47bbf5ae46118932.jpg, 0, 0, 0, 0, 1
86_powder_jpg.rf.e9345b7fbe53b520eb2627cffe7fc220.jpg, 0, 0, 0, 1, 0
199_6e481eb8_jpg.rf.008a6a780075a1c8c12937ce463f61c8.jpg, 0, 1, 0, 0, 0
049_8bcead0a_jpg.rf.001be55ed281800e2dafe0fc6861f0c7.jpg, 1, 0, 0, 0, 0
199_6e481eb8_jpg.rf.053004bf468f887946d4993b29194f4a.jpg, 0, 1, 0, 0, 0
7_powder_jpg.rf.007e058fa1034f1fa8dc314d0e293d35.jpg, 0, 0, 0, 1, 0
271_d5d62f10_jpg.rf.04cf5349648be58f073144e4e6692df0.jpg, 0, 0, 0, 0, 0
008_ce96b939_jpg.rf.03d7901ba52fcfd8f658c62200c9b578.jpg, 1, 0, 0, 0, 0
417_ba72e81a_jpg.rf.01c16ef0960868228485b30abd97f598.jpg, 0, 1, 0, 0, 0
117_f97656a1_jpg.rf.05d40f094a66b809ab3b8c7ba3a360c7.jpg, 0, 1, 0, 0, 0
177_spot_jpg.rf.0647d19a3e206dd8896c49c7246320d2.jpg, 0, 0, 0, 0, 1
67_spot_jpg.rf.00b5377402f84c828d7af54b3a2869b6.jpg, 0, 0, 0, 0, 1
143_spot_jpg.rf.02efb3586714d91ba7be397546157446.jpg, 0, 0, 0, 0, 1
075_2b50037f_jpg.rf.0201a919c06788ea351f57d59b158a27.jpg, 0, 1, 0, 0, 0
58_spot_jpg.rf.0555a9b9f63d514a48c53cc179ca8370.jpg, 0, 0, 0, 0, 1
145_spot_jpg.rf.06e311e3bf2dc418e43d97bd1d5458d0.jpg, 0, 0, 0, 0, 1
153_spot_jpg.rf.0068ac71487605c27a57c80b2c720129.jpg, 0, 0, 0, 0, 1
014_9b63a907_jpg.rf.0115995b9856899e5249e286f4e3151d.jpg, 1, 0, 0, 0, 0
311_66d58d54_jpg.rf.0254c9f9182924d11a9781057b3b1028.jpg, 1, 0, 0, 0, 0
37_spot_jpg.rf.00c591f4325a56ff65351adb8bbd7824.jpg, 0, 0, 0, 0, 1
127_spot_jpg.rf.0164de9e5f348764e5f3f8334765c7dd.jpg, 0, 0, 0, 0, 1
image_164_jpg.rf.00c291aa61a1b4371584ce7b851674f7.jpg, 1, 0, 0, 0, 0
70_spot_jpg.rf.003cb1ec2707d2112f9342d9ca4b86f1.jpg, 0, 0, 0, 0, 1
image_134_jpg.rf.0690fd7130a89270134dc8f45ec5da3b.jpg, 1, 0, 0, 0, 0
553_4b527013_jpg.rf.04db49d73451205fe274e05c8f80b2a5.jpg, 0, 1, 0, 0, 0
353_25d81dfd_jpg.rf.05363b3361d3b38e9e99f666f0680e70.jpg, 1, 0, 0, 0, 0
108_powder_jpg.rf.05ea69b7d5e5d910301b8f9990c55da1.jpg, 0, 0, 0, 1, 0
019_96022575_jpg.rf.077ccd5f8b35450d360f4f0282d0eb41.jpg, 1, 0, 0, 0, 0
139_spot_jpg.rf.081604717e234fa4688c522d3770575b.jpg, 0, 0, 0, 0, 1
86_powder_jpg.rf.06ec4ee85a85eb37ed2d23e1c15222b7.jpg, 0, 0, 0, 1, 0
005_75c68c9f_jpg.rf.079def6d02d4a8a2c3d9f9d49f0f697c.jpg, 0, 1, 0, 0, 0
11_powder_jpg.rf.09edeff4a2598f99084fe1f4c546cee8.jpg, 0, 0, 0, 0, 1
3_powder_jpg.rf.0b56bd9ec125255b6fcfc9970da29483.jpg, 0, 0, 0, 1, 0
204_fe8017b1_jpg.rf.0ab70ffeaf0e0a52db7715c024ff3e26.jpg, 0, 1, 0, 0, 0
075_2b50037f_jpg.rf.0af0adc29f84d8a77889462b85f37d3b.jpg, 0, 1, 0, 0, 0
167_spot_jpg.rf.088add790f67571806676bf27dbe5c61.jpg, 0, 0, 0, 0, 1
036_869e5bcb_jpg.rf.0a7ab2284c576a11722036be95c1f37c.jpg, 0, 0, 1, 0, 0
012_8ea0987b_jpg.rf.0700dd19c548b1a27e304804edaee07b.jpg, 1, 0, 1, 0, 0
413_2ddec230_jpg.rf.0884a9a2ef0f1f6320ce883ed047fb82.jpg, 0, 1, 0, 0, 0
69_powder_jpg.rf.0abd58f3b3ba08fda036ed32f73bd9a9.jpg, 0, 0, 0, 1, 0
100_spot_jpg.rf.09c612fc8c91f3cbac0e76f56f336585.jpg, 0, 0, 0, 0, 1
70_spot_jpg.rf.09575681df57264a718073a5d5fe50d0.jpg, 0, 0, 0, 0, 1
147_spot_jpg.rf.0af91b0b995e0dcab1f1db6002d31e6b.jpg, 0, 0, 0, 0, 1
41_spot_jpg.rf.0b12a47c34cb8f2f8dc1bacec46b26f7.jpg, 0, 0, 0, 0, 1
image_123_jpg.rf.0a28993db4bc78e9ee2476caba30d114.jpg, 1, 0, 0, 0, 0
93_spot_jpg.rf.0a87a2d7927f404e89705165b3c60bef.jpg, 0, 0, 0, 0, 1
178_spot_jpg.rf.07e9547200b91e7b2e82fd956348e678.jpg, 0, 0, 0, 1, 0
97_spot_jpg.rf.08b65e1f03f73e95dcd4dd6fabde7eeb.jpg, 1, 0, 0, 0, 0
014_9b63a907_jpg.rf.0b6d0246baef81d36d98927114610ac3.jpg, 1, 0, 0, 0, 0
35_powder_jpg.rf.080c15b98f4c0d422fa670b78daa2198.jpg, 0, 0, 0, 1, 0
83_spot_jpg.rf.07fac1e8e7e2dddb61f93dffec316b2e.jpg, 0, 0, 0, 0, 1
338_7ff8b703_jpg.rf.0a435b4cc4da6ca278b00a5b3fb48709.jpg, 0, 1, 1, 0, 0
image_12_jpg.rf.0bd116eb6bbccea9d908e51a1933df60.jpg, 1, 0, 0, 0, 0
95_spot_jpg.rf.0e3c8320064ac5d63f85086e0955b843.jpg, 0, 0, 0, 0, 1
104_2f38ee8d_jpg.rf.0c445068c895f752cea8bff71ab2edd2.jpg, 0, 1, 0, 0, 0
44_powder_jpg.rf.0c6a188969387de64cb67674ed46c22b.jpg, 0, 0, 0, 1, 0
81_spot_jpg.rf.0e3b2c2703f715293ef2593cc075bfc0.jpg, 0, 0, 0, 0, 1
032_ce98edb9_jpg.rf.0c3c248b79f0d5d5289ce4e23c6112f6.jpg, 0, 0, 1, 0, 0
84_spot_jpg.rf.0eb5ad425b5a82cedbdf4056c9402a77.jpg, 0, 0, 0, 0, 1
079_214e0e35_jpg.rf.0fe6ee9ecc1697bbcb897c7bba382c80.jpg, 1, 0, 0, 0, 0
170_spot_jpg.rf.0e3980ca3f734b660be6e78971be8928.jpg, 0, 0, 0, 0, 0
100_powder_jpg.rf.109e9d0f9d8071f592cdd85e98a944f1.jpg, 0, 0, 0, 1, 0
image_18_jpg.rf.0d7a3c22b0ed669da90a2557756935bb.jpg, 1, 0, 0, 0, 0
118_powder_jpg.rf.0d6c55bf82f746b64eb1c69e88a6ec44.jpg, 0, 0, 0, 1, 0
98_powder_jpg.rf.10a9c1406b65e8505621633478ed995f.jpg, 0, 0, 0, 1, 0
311_66d58d54_jpg.rf.0da475b18a0e8fde82cb84dddaaf3049.jpg, 1, 0, 0, 0, 0
159_spot_jpg.rf.0bfa37348f7c957931f8500901aceb7c.jpg, 0, 0, 0, 0, 1
274_9b07bfff_jpg.rf.0c490670f7b6c000c1d1dcf7565daffe.jpg, 0, 1, 0, 0, 0
276_330b6f96_jpg.rf.0e467e83be8130c67d7e640245dd797c.jpg, 0, 0, 0, 0, 1
29_spot_jpg.rf.10166b5bb0824eb7d438337296d30e1c.jpg, 0, 0, 0, 0, 1
15_powder_jpg.rf.10e9be05d6c93d5656d85a62cf5ab778.jpg, 0, 0, 0, 1, 0
66_spot_jpg.rf.10a1afd0aadaafd9d78465425437e61a.jpg, 0, 0, 0, 0, 1
79_powder_jpg.rf.1039178a5bc9d6c9bebfe375502a805b.jpg, 0, 0, 0, 1, 0
570_f94e1c22_jpg.rf.0ed6eaed57b6b9b577f035b18882900a.jpg, 0, 1, 0, 0, 0
111_fc23494e_jpg.rf.1049c101a5a53f82d0ba2bcb7bff397c.jpg, 0, 1, 0, 0, 0
92_powder_jpg.rf.0e33a2131143eb5ef049121293267fd1.jpg, 0, 0, 0, 1, 0
65_powder_jpg.rf.0e60b83ff00074e955d6981436fc8815.jpg, 0, 0, 0, 1, 0
269_31b0bc2b_jpg.rf.1133670dfcb49bc01451d8cf623a8fde.jpg, 0, 1, 0, 0, 0
057_8cfce6ce_jpg.rf.12b3baf2707439238f76240c1b34694e.jpg, 0, 1, 0, 0, 0
143_2bbf8950_jpg.rf.1320c0a96dffadf4f6a33798ad2126d4.jpg, 0, 0, 1, 0, 0
137_spot_jpg.rf.1168ac1e093f7483fbbeaeb10b26d565.jpg, 0, 0, 0, 0, 1
37_spot_jpg.rf.1196be44b4125daac850eaf96d2b31f5.jpg, 0, 0, 0, 0, 1
118_powder_jpg.rf.13a7d1fa54d9fb5446821bf18e2426f8.jpg, 0, 0, 0, 1, 0
5_spot_jpg.rf.133e98f7012e0cfc2d4611011918d6d3.jpg, 0, 0, 0, 0, 1
174_spot_jpg.rf.14c795fbbc1368ca8027bf59610b49a9.jpg, 0, 0, 0, 0, 1
572_8e810728_jpg.rf.116681f5d7f37bee0f5c915cc35573a5.jpg, 0, 1, 0, 0, 0
189_175f5534_jpg.rf.141fef15acb3e89ff5e4ad861c5f0e86.jpg, 0, 1, 0, 0, 0
114_cc4eddaf_jpg.rf.1633576d6dac425f01f6f0ba8a8e4934.jpg, 0, 1, 0, 0, 0
152_spot_jpg.rf.1278b16aeb8a4d63f3b9adb697f8110c.jpg, 0, 0, 0, 0, 1
197_a93d49c9_jpg.rf.13fd0cf24ec56239102da4a01013fa1f.jpg, 0, 1, 0, 0, 0
33_spot_jpg.rf.1210818ec871ffa821db9183a1a8be81.jpg, 0, 0, 0, 0, 1
170_spot_jpg.rf.12b85af77233e23f8d1fe8937db19cef.jpg, 0, 0, 0, 0, 0
6_spot_jpg.rf.16bc73a1c4b13d2649188035875eee1a.jpg, 0, 0, 0, 0, 1
116_powder_jpg.rf.174968475ad423be3138c1cbb2c90d32.jpg, 0, 0, 0, 1, 0
114_spot_jpg.rf.13c4ee0964396fe1b4c194f9382ee6bf.jpg, 0, 0, 0, 0, 1
257_8a5ec788_jpg.rf.138b50d10fc6b55b2b87c53cc0992093.jpg, 0, 1, 0, 0, 0
020_2714735a_jpg.rf.157630ac28f0dc2f2e4bece70c479e60.jpg, 1, 0, 0, 0, 1
162_3849358d_jpg.rf.13489753c38ede206d0b71d28b6fe61b.jpg, 0, 1, 0, 0, 0
91_powder_jpg.rf.1432269b53e3077ade205ab7d693a60f.jpg, 0, 0, 0, 1, 0
121_spot_jpg.rf.18a2025b27f75ee2517f6619f1eccc7b.jpg, 0, 0, 0, 0, 1
56_spot_jpg.rf.173747536d05983b1a30aeab8535db1c.jpg, 0, 0, 0, 0, 1
163_spot_jpg.rf.178c4b32399f9a8cfdab54c03d2c55ac.jpg, 0, 0, 0, 0, 1
98_powder_jpg.rf.15118d534144a0f8789e79656f81e772.jpg, 0, 0, 0, 1, 0
150_32f7d831_jpg.rf.184eb75e3af319fd7e3f88e75226ca86.jpg, 0, 1, 0, 0, 0
56_spot_jpg.rf.18f85038e8caa72c59f0e69fa24551f7.jpg, 0, 0, 0, 0, 1
59_spot_jpg.rf.1a08f029fbe87924e5d25bb5382dcf23.jpg, 0, 0, 0, 0, 1
75_spot_jpg.rf.1b2c7026965049cae61ef8b27f8232f7.jpg, 0, 0, 0, 0, 1
138_spot_jpg.rf.19a0f8ef2dafb7d91ed684b9988d46b1.jpg, 0, 0, 0, 0, 1
271_d5d62f10_jpg.rf.1cf84508ff2ccf27a806019c0d7887e8.jpg, 0, 0, 0, 0, 0
16_spot_jpg.rf.19538a7c1b2f3fd538660c8d1043540c.jpg, 0, 0, 0, 0, 1
353_25d81dfd_jpg.rf.1f62e0731a4baa8c7aa504bd49bc921d.jpg, 1, 0, 0, 0, 0
49_spot_jpg.rf.1e480dea4eb404ea38551ff54f1329d5.jpg, 0, 0, 0, 0, 0
390_4c1b393a_jpg.rf.1e014f0993f3ea9cf71294a69f76ee8d.jpg, 0, 1, 0, 0, 0
125_spot_jpg.rf.1e379cccd5e7db8f4daa074e661102af.jpg, 0, 0, 0, 0, 1
80_spot_jpg.rf.1bbb0a4b2a7bb41f24dd4d6ff4154ef3.jpg, 0, 0, 0, 0, 1
176_spot_jpg.rf.1f06feeef3561f739d2ed474c3117675.jpg, 0, 0, 0, 0, 1
143_2bbf8950_jpg.rf.1da40f461f7e1c0e179c79c0108da242.jpg, 0, 0, 1, 0, 0
69_spot_jpg.rf.1b2cee7263b91402db7c3574473d2d3e.jpg, 0, 0, 0, 0, 1
010_ef08e7bd_jpg.rf.1f761202dca409ef990540c7a125d548.jpg, 0, 1, 0, 0, 0
413_2ddec230_jpg.rf.1f7e3800570b270c3564d33289e2bef4.jpg, 0, 1, 0, 0, 0
220_80663101_jpg.rf.1bb6cf64652ce2250cc15f768afcb120.jpg, 1, 0, 0, 0, 0
91_powder_jpg.rf.1f78385364b0fafb24a0efcb9c83ce5d.jpg, 0, 0, 0, 1, 0
322_82c63e10_jpg.rf.1e768b0bf919a5914865f409ffc09835.jpg, 1, 0, 0, 0, 0
33_powder_jpg.rf.1da2442302efd623790fc70d4ef7573b.jpg, 0, 0, 0, 1, 0
551_3d02e4b3_jpg.rf.1bc2994df35a5f674b5189aa2c44633f.jpg, 0, 0, 1, 0, 0
2_spot_jpg.rf.19d45b74baff8c29eea91e13afb30cd6.jpg, 0, 0, 0, 0, 1
183_d1ae6059_jpg.rf.1a9758fe119d985528a3bc6ca391b00e.jpg, 0, 0, 1, 0, 0
165_spot_jpg.rf.1e0b13bdf4e3adf4f3da9b20d4c8098c.jpg, 0, 0, 0, 0, 1
094_65aa95fb_jpg.rf.1c37823cc582a7b6bf3454f147273dfd.jpg, 0, 1, 0, 0, 0
101_powder_jpg.rf.202fd95859d16b4ca23a521f5bde2683.jpg, 0, 0, 0, 1, 0
005_75c68c9f_jpg.rf.20335d8eaaebc2226645036b5d9e96d7.jpg, 0, 1, 0, 0, 0
6_spot_jpg.rf.1fd9e1ebe9b3812a959e231b4d64cf33.jpg, 0, 0, 0, 0, 1
152_0ff1d61a_jpg.rf.1ff2fb3d7fbf5f0831c740ab34accf6d.jpg, 0, 0, 0, 0, 0
109_powder_jpg.rf.2034518d4a2c9fa4cba9a4b3ec1b501c.jpg, 0, 0, 0, 1, 0
088_f440d1ce_jpg.rf.20406bfd77f72ec1f1d80069aa892b85.jpg, 0, 0, 0, 0, 1
049_d29041e7_jpg.rf.21f2d8c7c845efa2f6f9b8ff51061d71.jpg, 0, 0, 0, 0, 0
258_da6f2af1_jpg.rf.21c1d552bab0d4933cac2ef4ff1ea7f0.jpg, 1, 0, 0, 0, 0
114_spot_jpg.rf.218e7d1f4c4324d8f7be37b4b1c1a450.jpg, 0, 0, 0, 0, 1
image_18_jpg.rf.21abca574e923d3404ea41815ed732a9.jpg, 1, 0, 0, 0, 0
013_e2f21a17_jpg.rf.20e4e71989d23ee8d83cbeea35818eaa.jpg, 1, 0, 0, 0, 0
046_05b3348d_jpg.rf.221a5d1e8713ac93f349c8c2d309e848.jpg, 0, 1, 0, 0, 0
174_spot_jpg.rf.21abed05df558c6cd57d54ff25e0f09a.jpg, 0, 0, 0, 0, 1
33_spot_jpg.rf.25122afd0f1ff17bdcf116caf54ea330.jpg, 0, 0, 0, 0, 1
016_8a93cf14_jpg.rf.23a485830b1b22e4341e1aeae0141e38.jpg, 0, 0, 0, 0, 1
302_ccbd3fd7_jpg.rf.209592d6537d9148934378e30d6cbe85.jpg, 0, 0, 0, 0, 1
1_powder_jpg.rf.25c3584f182e50d6deacf44fdd4cd98d.jpg, 0, 0, 0, 0, 1
1_spot_jpg.rf.231c667bfb3b9602ce0cae01658baf30.jpg, 0, 0, 0, 0, 1
110_spot_jpg.rf.231c7c1fb1fe18b55153c228f77596a5.jpg, 0, 0, 0, 0, 1
111_fc23494e_jpg.rf.228b12fea7bd681e4b59ff43d92ff282.jpg, 0, 1, 0, 0, 0
image_125_jpg.rf.24900956a6f42ce2999bf057b992315f.jpg, 1, 0, 0, 0, 0
109_spot_jpg.rf.22a155edbb73d1e821cea7a947b3c67f.jpg, 0, 0, 0, 0, 1
5_spot_jpg.rf.278543e65322a50f7f21cdd4f34dcb10.jpg, 0, 0, 0, 0, 1
53_powder_jpg.rf.2337b98ce4ec1eeb001b769b92a0de84.jpg, 0, 0, 0, 1, 0
417_ba72e81a_jpg.rf.2714417c0e6431fcff9d334f8d49735c.jpg, 0, 1, 0, 0, 0
70_powder_jpg.rf.27c08c788eea8d7900d8b0f292b1511f.jpg, 0, 0, 0, 1, 0
87_powder_jpg.rf.23156e750c95422daa7d908df971e7e2.jpg, 0, 0, 0, 1, 0
123_spot_jpg.rf.2859432f729f10e98086c73d31af07e7.jpg, 0, 0, 0, 0, 1
36_spot_jpg.rf.229d7c7a653f101f26406b83f0848d0b.jpg, 0, 0, 0, 0, 1
18_spot_jpg.rf.28d7bf913a983a2a0c518c382750f59a.jpg, 0, 0, 0, 0, 1
70_powder_jpg.rf.278cd5abd8381da080f6a0ca7a75770b.jpg, 0, 0, 0, 1, 0
400_eb19e93c_jpg.rf.27800431ed1fbbcce725472806f2bcc9.jpg, 0, 0, 1, 0, 0
8_powder_jpg.rf.286dd5c475d98678d0065ab58e8b06e8.jpg, 0, 0, 0, 1, 0
75_powder_jpg.rf.28390cbd17a6236add5b5faee4669532.jpg, 0, 0, 0, 1, 0
93_powder_jpg.rf.28e3dc2139c1b9e461ae0fb690dbaddb.jpg, 0, 0, 0, 1, 0
184_f8bc5c69_jpg.rf.28d800e920fef0f334d2ecc6e39a57c4.jpg, 0, 1, 1, 0, 0
9_powder_jpg.rf.2912529178d8e42b16ac204fd41600e6.jpg, 0, 0, 0, 1, 0
126_spot_jpg.rf.2b1ca45e872e84635e7111efea62e3c3.jpg, 0, 0, 0, 0, 1
197_a93d49c9_jpg.rf.28fe5285802a700c30f765b3d6cc1757.jpg, 0, 1, 0, 0, 0
125_spot_jpg.rf.299411c4d5ca0945bc7a94ba3c64dda6.jpg, 0, 0, 0, 0, 1
1_powder_jpg.rf.28eb56a66449f5a402956b4dbc99a7e3.jpg, 0, 0, 0, 0, 1
171_22c3ca52_jpg.rf.2b68064b52ae7eb42ce1ce04850fbe0a.jpg, 1, 0, 0, 0, 0
572_8e810728_jpg.rf.2a1ce5e240716d48ce60fa695d25dfb7.jpg, 0, 1, 0, 0, 0
276_330b6f96_jpg.rf.2a85fbb516034852c09dff19ec9d3bcf.jpg, 0, 0, 0, 0, 1
39_spot_jpg.rf.2b97363d9c49441e7da371efc35c7432.jpg, 0, 0, 0, 0, 1
289_9c417c6a_jpg.rf.2c6ebf7e01944a59a92605b6601dd6dd.jpg, 0, 1, 0, 0, 0
120_spot_jpg.rf.293e8650cc865d498367bcbbff66c7a5.jpg, 0, 0, 0, 0, 1
image_227_jpg.rf.2d7b45a71e3a48f6003337e04b00aeba.jpg, 1, 0, 0, 0, 0
18_spot_jpg.rf.2b557e3cba40292c8628a86a1146cc92.jpg, 0, 0, 0, 0, 1
258_da6f2af1_jpg.rf.2ffc7a68581b63f73be159accabc41c5.jpg, 1, 0, 0, 0, 0
1_spot_jpg.rf.2f96bf290e9256fcd71e76287c68b356.jpg, 0, 0, 0, 0, 1
069_ae759d5a_jpg.rf.2ebdf16023c6658b5586a4e275dc6679.jpg, 1, 0, 0, 0, 0
553_4b527013_jpg.rf.2c2f27dfd26a4a23e82b5f68b15b1a32.jpg, 0, 1, 0, 0, 0
52_spot_jpg.rf.30005a74187d682aac1c25a8d9ec4566.jpg, 0, 0, 0, 0, 1
98_powder_jpg.rf.2d2c57631554cef05f5aa31f4b36fb61.jpg, 0, 0, 0, 1, 0
164_spot_jpg.rf.309cded1d41293f31e480e712c1f6c11.jpg, 0, 0, 0, 0, 1
622_301378e5_jpg.rf.2d26889363fc740445266d9810dc14cb.jpg, 0, 0, 0, 0, 0
47_powder_jpg.rf.30d369a1f96a40a7ee54d28f3ee0dfef.jpg, 0, 0, 0, 1, 0
154_spot_jpg.rf.2e0b5919bbe943cffe742f7d2e2f54f1.jpg, 0, 0, 0, 0, 1
131_587d023b_jpg.rf.30adf5f89a658166ea0ca16e2be8e302.jpg, 1, 0, 0, 0, 0
009_3321b9ce_jpg.rf.30c05387eeb322f207642b5c15bb9ffe.jpg, 1, 0, 0, 0, 0
105_spot_jpg.rf.2e17cf75e1572fceadad976c012324d6.jpg, 0, 0, 0, 0, 1
39_spot_jpg.rf.311252320222d8625b41a5d4f0b8b137.jpg, 0, 0, 0, 0, 1
82_powder_jpg.rf.3185015c0df43c7d2825f04c17a047fe.jpg, 0, 0, 0, 1, 0
12_spot_jpg.rf.32cecef04d4ea2aece619bab78e92641.jpg, 0, 1, 0, 0, 0
13_spot_jpg.rf.328fc760f5e2d5a3ae835725ec4a041f.jpg, 0, 0, 0, 0, 1
38_powder_jpg.rf.31b088905c0cf4def313351ef5d9f748.jpg, 0, 0, 0, 1, 0
008_ce96b939_jpg.rf.3292b2d8b323b8f86f71e1f08c0b079d.jpg, 1, 0, 0, 0, 0
242_353692f4_jpg.rf.32c652e1e1c270295bb2e06d6f0ea90f.jpg, 0, 1, 0, 0, 0
44_powder_jpg.rf.320fece617b55f67566fd21594c9f71f.jpg, 0, 0, 0, 1, 0
066_56c930c6_jpg.rf.328008204bbd6a7ca2c6e472dfe40b18.jpg, 0, 0, 0, 0, 1
208_07ee6c75_jpg.rf.3225eabc490412519917fc03326a8849.jpg, 0, 1, 1, 0, 0
057_8cfce6ce_jpg.rf.31b0132f9eea02e5e935009dd0c79fb9.jpg, 0, 1, 0, 0, 0
174_spot_jpg.rf.37e97f2824e7971a92c6d83a1a50b6bc.jpg, 0, 0, 0, 0, 1
7_powder_jpg.rf.37aaebbc37e2bb2bd16c9140ff7ee958.jpg, 0, 0, 0, 1, 0
153_spot_jpg.rf.395794d3b0e2833855bc0a7131226c45.jpg, 0, 0, 0, 0, 1
021_2d0c1175_jpg.rf.36d4aa014e47c403fd535656d5878a4a.jpg, 1, 0, 0, 0, 0
245_cf3f36fa_jpg.rf.39e759a08cab4070e5bee3b6166353a2.jpg, 0, 1, 0, 0, 0
178_spot_jpg.rf.37692d64eea095552379c16d38f20bff.jpg, 0, 0, 0, 1, 0
294_154e38f1_jpg.rf.38fdbf00710a7609b6788c84bc77ef4b.jpg, 0, 1, 0, 0, 0
049_d29041e7_jpg.rf.37ba42795afd5547f53b0e20a9e6d4a7.jpg, 0, 0, 0, 0, 0
47_powder_jpg.rf.341dc486802978fb27ba511ed9292615.jpg, 0, 0, 0, 1, 0
36_spot_jpg.rf.3328bfe2ce8a826a3f8795d242f71309.jpg, 0, 0, 0, 0, 1
54_powder_jpg.rf.3391ca36c0cb20ab3b4cf24470cc4201.jpg, 0, 0, 0, 1, 0
75_powder_jpg.rf.339f6745acd3c27d715754e0200ce9c0.jpg, 0, 0, 0, 1, 0
37_spot_jpg.rf.39c29ba9759deb71004e81e9220f5283.jpg, 0, 0, 0, 0, 1
013_e2f21a17_jpg.rf.331aef8cd500ea2bb1e7f3f7d669929a.jpg, 1, 0, 0, 0, 0
010_ef08e7bd_jpg.rf.39614ebff1894c00f8e1e0dc33ca08f6.jpg, 0, 1, 0, 0, 0
72_spot_jpg.rf.33c5c305fc2bd293975e1a7fff040f63.jpg, 0, 0, 0, 0, 1
43_powder_jpg.rf.35540c355ecf9a03291bfecfc8dffd3e.jpg, 0, 0, 0, 1, 0
13_spot_jpg.rf.3449dea9cd5b378d4e9e28df3f1fec35.jpg, 0, 0, 0, 0, 1
72_spot_jpg.rf.38b7fbdd746d1c652ab09222f1e6472e.jpg, 0, 0, 0, 0, 1
017_3a947126_jpg.rf.3a1fbb67f97b0a5ae58b13ac1d4a7067.jpg, 0, 0, 1, 0, 0
135_spot_jpg.rf.35726d6fbb1494a2dd10b6f387b1cfe2.jpg, 0, 0, 0, 0, 1
391_347861bb_jpg.rf.3631bab3b1f242f7268e49664a815111.jpg, 1, 0, 0, 0, 0
171_22c3ca52_jpg.rf.365f7e26cee8143c5cf8c4e1a92aad0d.jpg, 1, 0, 0, 0, 0
11_spot_jpg.rf.36bfddf7d4428dd052fc7790d5d0576b.jpg, 1, 1, 0, 0, 0
82_spot_jpg.rf.34da8b17c9b39e00032229b2effc710f.jpg, 0, 0, 0, 0, 1
140_spot_jpg.rf.3ab28d139e389ec7ba1b727250f0dbf5.jpg, 0, 0, 0, 0, 1
269_31b0bc2b_jpg.rf.3bfc5d1f3d7522c268248dc709eb6fe1.jpg, 0, 1, 0, 0, 0
9_spot_jpg.rf.3ad8ed8f576982cfbf5e15a20561ed36.jpg, 0, 0, 0, 0, 1
11_spot_jpg.rf.3b6d5d2bfd401ca81748067dcb490ebd.jpg, 1, 1, 0, 0, 0
92_spot_jpg.rf.3b6157bf92d5459646e2b1e16dddf181.jpg, 0, 0, 0, 0, 1
31_spot_jpg.rf.3bcd62cdbb9c29112f94321ebcb3c33d.jpg, 0, 0, 0, 0, 1
115_powder_jpg.rf.3bc181632868064312ecfb3e7597205c.jpg, 0, 0, 0, 1, 0
97_spot_jpg.rf.3a9ff616e0abf554ab2151c1e3cc75d9.jpg, 1, 0, 0, 0, 0
49_spot_jpg.rf.3d000ef8cb4a3f8be5adfcb3ce72fe14.jpg, 0, 0, 0, 0, 0
238_55606db7_jpg.rf.3cdc45e97a012276c8764190695e9ae2.jpg, 0, 1, 0, 0, 0
145_spot_jpg.rf.3a6b22e66da9ac1cae18e15925468de5.jpg, 0, 0, 0, 0, 1
8_spot_jpg.rf.3f354f13e2e491a7ad0db626413be01e.jpg, 0, 0, 0, 0, 1
70_powder_jpg.rf.3d8c5254c57f5e7e9cc530dc16559b10.jpg, 0, 0, 0, 1, 0
54_powder_jpg.rf.40a9ab4b8f5605ff875d2b8a47805fad.jpg, 0, 0, 0, 1, 0
271_d5d62f10_jpg.rf.3c6478d304a8afea980afc6cdc88438e.jpg, 0, 0, 0, 0, 0
143_f43c9d34_jpg.rf.3d4c4000f55af8fa2e05a7abd9a1b17f.jpg, 0, 1, 0, 0, 0
206_8834af19_jpg.rf.408be84a011e2102f1455614553f9aa8.jpg, 0, 0, 0, 0, 0
105_spot_jpg.rf.3f7cdd9a40500006a5383265b0a19457.jpg, 0, 0, 0, 0, 1
39_powder_jpg.rf.3ea60ff6a106e2c86399d0fa208dc00c.jpg, 0, 0, 0, 1, 0
64_powder_jpg.rf.3d8539b0807b1fa13fbb6ed3955c0d17.jpg, 0, 0, 0, 1, 0
image_381_jpg.rf.40f70c18d06d11cb2f9597af22c0a90a.jpg, 1, 0, 0, 0, 0
31_spot_jpg.rf.3f11c4702e86d3864d3f060d0794c880.jpg, 0, 0, 0, 0, 1
52_powder_jpg.rf.40a9ae6ee8240e283d417a2254d56008.jpg, 1, 0, 0, 0, 0
142_spot_jpg.rf.3d1ea5dc3b28d0985708c10adbf06d84.jpg, 0, 0, 0, 0, 1
77_spot_jpg.rf.3fccc47eeec8c6f55c49c34395488edd.jpg, 0, 0, 0, 0, 1
017_3a947126_jpg.rf.4050d2739de593aa0c4ee906109d7280.jpg, 0, 0, 1, 0, 0
image_320_jpg.rf.3f0a866fde04a6b9682c6a1ce23b231d.jpg, 1, 0, 0, 0, 0
60_spot_jpg.rf.41fa12510cb53d28e35f04ce5a3af3a2.jpg, 0, 0, 1, 0, 0
8_powder_jpg.rf.4156a0a4945cfcd52820daf44c177675.jpg, 0, 0, 0, 1, 0
46_powder_jpg.rf.44e7aa017ae97c7301a509ee5254a019.jpg, 0, 0, 0, 1, 0
100_powder_jpg.rf.415e3cdc8a5cdf1e805da81a036a3428.jpg, 0, 0, 0, 1, 0
206_8834af19_jpg.rf.4577d22ee00a9c1d35edd7037382b10f.jpg, 0, 0, 0, 0, 0
52_spot_jpg.rf.41b50356b12c255c920ac3448ea156ad.jpg, 0, 0, 0, 0, 1
67_powder_jpg.rf.4497d5155ce7cf2ce30b34e46a1cc4e7.jpg, 0, 0, 0, 1, 0
052_abc80482_jpg.rf.412ef1ab9a545cd5c30d88d4b4a80d82.jpg, 0, 1, 0, 0, 0
113_spot_jpg.rf.42f8511cd16510f281ed7717d4b5d75d.jpg, 0, 0, 0, 0, 1
169_spot_jpg.rf.452ae7943e8ed5cd90126671c1a5fbb2.jpg, 0, 0, 0, 0, 1
532_994f14f2_jpg.rf.449b82a6502e0e35be13ea09f3e0a017.jpg, 0, 1, 0, 0, 0
057_8cfce6ce_jpg.rf.44b551dba93d582d88a867cc4fab9733.jpg, 0, 1, 0, 0, 0
596_810c3523_jpg.rf.41c8aa112b8f78809997899be7d1d020.jpg, 1, 0, 0, 0, 0
172_spot_jpg.rf.464332ee0b71ebb06c35f5b8057e9850.jpg, 0, 0, 0, 0, 1
77_powder_jpg.rf.420a58046ef60fcd36b9e2f7caa8426f.jpg, 0, 0, 0, 1, 0
image_163_jpg.rf.41c934ba34150d392ffdc6abdb33a6fc.jpg, 1, 0, 0, 0, 0
168_spot_jpg.rf.4259239519ffddd0679e0c91be11838c.jpg, 0, 0, 0, 0, 1
136_823d5081_jpg.rf.4657e535dc3827e1f15eb60b4898e0b9.jpg, 0, 1, 0, 0, 0
275_bb5b8f45_jpg.rf.46060acb91b10a43c977d78195bb10ed.jpg, 0, 1, 0, 0, 0
243_f6cfd618_jpg.rf.463c7046493c11933efff47ecbf97f3e.jpg, 0, 1, 0, 0, 0
073_0ee03b04_jpg.rf.463c40a327daae47d8c3f4c439626e10.jpg, 0, 1, 0, 0, 0
143_f43c9d34_jpg.rf.4337e1d59278a5935b3a38743965e145.jpg, 0, 1, 0, 0, 0
95_powder_jpg.rf.46224cb1d1d56039226469180a1aaa34.jpg, 0, 0, 0, 1, 0
199_6e481eb8_jpg.rf.4696eeb59a2e9f1de128c94bdac59dc3.jpg, 0, 1, 0, 0, 0
015_8c759c75_jpg.rf.41f716c1bdcfc0125c9fdadbebaf9960.jpg, 0, 1, 0, 0, 0
45_spot_jpg.rf.448138e015f8269bfc7ffdc73c10adde.jpg, 0, 0, 0, 0, 1
13_powder_jpg.rf.4659fca6a5046f65102992898ec39636.jpg, 0, 0, 0, 1, 0
93_powder_jpg.rf.465cceef13be919990ad80be3d739346.jpg, 0, 0, 0, 1, 0
6_powder_jpg.rf.489bdd7cf60f7898d1659167e8036a49.jpg, 0, 0, 0, 1, 0
828_438563dd_jpg.rf.4788ba2a6d66c68aa3e998f02c95723f.jpg, 1, 0, 0, 0, 0
92_spot_jpg.rf.46a94e08c1d0da914bb8ede2de1ede4e.jpg, 0, 0, 0, 0, 1
033_c2fdf9c4_jpg.rf.48b57b75407cfcd650963d972f8f43e3.jpg, 1, 0, 0, 0, 0
16_powder_jpg.rf.4a47d81af5f6746fb0928a75fbfeac0d.jpg, 0, 0, 0, 1, 0
55_spot_jpg.rf.4a0a9fd46560f59e281d2a5d491c187c.jpg, 0, 0, 0, 0, 1
294_154e38f1_jpg.rf.46e1f2e08843bbb265a5ecb6df58e377.jpg, 0, 1, 0, 0, 0
135_spot_jpg.rf.48664553f5267895c0b8c206d89d49e2.jpg, 0, 0, 0, 0, 1
116_powder_jpg.rf.4d20f88a8649bf89a5b996dfd8bf9206.jpg, 0, 0, 0, 1, 0
68_powder_jpg.rf.4b0a35263aa9e946dd96f70890fb8d3f.jpg, 0, 0, 0, 1, 0
014_9b63a907_jpg.rf.4dae23b78cbea435921398e9f1ad65cb.jpg, 1, 0, 0, 0, 0
80_spot_jpg.rf.4ab23f77553dc22aac89ce1a742fb011.jpg, 0, 0, 0, 0, 1
1_powder_jpg.rf.4ea67ebd3e556cd0c62e9999a89f3f52.jpg, 0, 0, 0, 0, 1
341_5aeaf627_jpg.rf.4b892780be1169eb9f343d269ed8aa5a.jpg, 1, 0, 0, 0, 0
53_powder_jpg.rf.4d1ea44e6417795f44c383beb5e12284.jpg, 0, 0, 0, 1, 0
94_powder_jpg.rf.4c69dc451dca54fc278d05909afa98e2.jpg, 0, 0, 0, 1, 0
74_spot_jpg.rf.4bb4a5dad5836925c0615c58a6656e61.jpg, 0, 0, 0, 0, 1
86_powder_jpg.rf.4c776b32f927c098460c9832140d8fbe.jpg, 0, 0, 0, 1, 0
40_spot_jpg.rf.4bde4bac6b4b055e00fa0d5a29a5c040.jpg, 0, 0, 0, 0, 1
018_dd67bb59_jpg.rf.4e191ae458ae809cfa94d62ea738f095.jpg, 0, 1, 0, 0, 0
49_powder_jpg.rf.4e985f36a8854b7bef85c1d111905cd5.jpg, 0, 0, 0, 1, 0
39_powder_jpg.rf.4e0ca3a1774b26c52cae8c6f20397ba4.jpg, 0, 0, 0, 1, 0
106_spot_jpg.rf.4b56f00fa5900f1e960832209997ffb3.jpg, 0, 0, 0, 0, 1
238_55606db7_jpg.rf.4edb8ead5f9e13fba32c708a045a6aac.jpg, 0, 1, 0, 0, 0
11_powder_jpg.rf.4e1dc788fca9470a6696893c5ed9439a.jpg, 0, 0, 0, 0, 1
77_powder_jpg.rf.4eed6792b5436156048705ae8c7795de.jpg, 0, 0, 0, 1, 0
44_spot_jpg.rf.4fe0a45a87fe0461997213c81b936e6a.jpg, 0, 0, 0, 0, 1
12_spot_jpg.rf.510f4243de280556e156aa75c53e9818.jpg, 0, 1, 0, 0, 0
596_810c3523_jpg.rf.539347a66aeb15299d824950d3204108.jpg, 1, 0, 0, 0, 0
3_powder_jpg.rf.50153b33fe96cb716fea3ac4bfc81d27.jpg, 0, 0, 0, 1, 0
39_powder_jpg.rf.541c0a751f3b5d0d985802ade47305ee.jpg, 0, 0, 0, 1, 0
828_438563dd_jpg.rf.50930f38e1e0d7ba35ea58adcee2488f.jpg, 1, 0, 0, 0, 0
66_spot_jpg.rf.519eff34d05b5d5555b951509ca29aef.jpg, 0, 0, 0, 0, 1
167_spot_jpg.rf.50eb19818e9f7133295a8147b2130657.jpg, 0, 0, 0, 0, 1
88_spot_jpg.rf.54514669c1908159debc477c6e6298a3.jpg, 0, 0, 0, 0, 1
104_powder_jpg.rf.5543297cec0cc110e0267571bc4eb566.jpg, 0, 0, 0, 1, 0
257_8a5ec788_jpg.rf.52e61568c090873198dc4acdee847bfc.jpg, 0, 1, 0, 0, 0
85_powder_jpg.rf.5449118a11367c8477a87659deba2d03.jpg, 0, 0, 0, 1, 0
19_powder_jpg.rf.52303bfab7b97bd46183191db61d8a50.jpg, 0, 0, 0, 1, 0
108_powder_jpg.rf.53152c027109795521328b15cd6b7b0e.jpg, 0, 0, 0, 1, 0
39_spot_jpg.rf.522bd5db719be29527ab5abd52d2288f.jpg, 0, 0, 0, 0, 1
45_powder_jpg.rf.540f95f075a83d5d2868cd2a3c0bb7fd.jpg, 0, 0, 0, 1, 0
46_spot_jpg.rf.50d5cfc3b3276a1ff8602128731f8016.jpg, 0, 1, 0, 0, 1
177_spot_jpg.rf.50a60bbaf20f0d55f1700394343d59b0.jpg, 0, 0, 0, 0, 1
116_31685266_jpg.rf.541e2e842fd71c1a30fa63a5f81ee717.jpg, 0, 0, 0, 0, 1
95_spot_jpg.rf.52deb6ebfaebb90d7ac0264991962648.jpg, 0, 0, 0, 0, 1
017_916fad64_jpg.rf.51d4b51ffa482934c3bbae230a93dd07.jpg, 1, 0, 0, 0, 0
171_22c3ca52_jpg.rf.52e8adeda825fed4126102107ca25416.jpg, 1, 0, 0, 0, 0
074_e12b96a4_jpg.rf.50fcc61cc4569d3cff5e2f2c4dd43423.jpg, 0, 1, 0, 0, 1
353_9eb36f4f_jpg.rf.534c0c5901cb8edad58d058097b1346d.jpg, 0, 1, 0, 0, 0
057_0b17cbf1_jpg.rf.557d421b89852bd65e785772dd2c418c.jpg, 1, 0, 0, 0, 0
80_powder_jpg.rf.55640548c699b149202e887f32947741.jpg, 0, 0, 0, 1, 0
159_spot_jpg.rf.558ec53b29680ceda4d18eb29c9be23c.jpg, 0, 0, 0, 0, 1
322_82c63e10_jpg.rf.55ec0be2ac7354c0b4231eeae5e30396.jpg, 1, 0, 0, 0, 0
97_powder_jpg.rf.5632347784e469827a7c2cd99fd822cb.jpg, 0, 0, 0, 1, 0
338_7ff8b703_jpg.rf.570fb682f8b015867bf8475d92122822.jpg, 0, 1, 1, 0, 0
image_125_jpg.rf.56f7bd1bbb9420969b54978e90e57aa5.jpg, 1, 0, 0, 0, 0
022_ebb3532c_jpg.rf.59bc36901424b7dddb091f8f3debc36c.jpg, 0, 0, 1, 0, 0
33_powder_jpg.rf.55eb21a4e5eb188f54c6e68718510c42.jpg, 0, 0, 0, 1, 0
016_8a93cf14_jpg.rf.593837e6229d42a9841688108ae802ba.jpg, 0, 0, 0, 0, 1
image_12_jpg.rf.593ed5fb2c77b4133570ae07e83889fe.jpg, 1, 0, 0, 0, 0
181_spot_jpg.rf.573e1217a51e9f599f380b3c22188017.jpg, 0, 0, 0, 0, 1
29_spot_jpg.rf.5888b15eb342575c8e738cc516497103.jpg, 0, 0, 0, 0, 1
015_8c759c75_jpg.rf.5a4f1db9998ccddff93321ff44c185d6.jpg, 0, 1, 0, 0, 0
570_f94e1c22_jpg.rf.558ff2e06afd5f66e651ea04d4bd137c.jpg, 0, 1, 0, 0, 0
43_powder_jpg.rf.5a0377d9f199c76fdfd6001232a47755.jpg, 0, 0, 0, 1, 0
071_153dfa78_jpg.rf.59ede96adbdefe9197719c346354938d.jpg, 0, 1, 0, 0, 0
151_cf1e5808_jpg.rf.5a8250ae5cfc2099e7876aecc6cc44a8.jpg, 1, 0, 0, 0, 0
64_powder_jpg.rf.5888ee52b522a96b42e2a15de2068d58.jpg, 0, 0, 0, 1, 0
79_powder_jpg.rf.5831187a4bdd30c3e4e8dc52de0af469.jpg, 0, 0, 0, 1, 0
image_123_jpg.rf.5ac46140c7880b11e827dfd82b315013.jpg, 1, 0, 0, 0, 0
81_powder_jpg.rf.57abc1d7374916b5bc6fd283cb85a88d.jpg, 0, 0, 0, 1, 0
176_spot_jpg.rf.583f89b1c3703bab90b7b01782aeb63c.jpg, 0, 0, 0, 0, 1
274_9b07bfff_jpg.rf.5a6c1023ccc8b4a0f3e4588fae1e18b6.jpg, 0, 1, 0, 0, 0
65_powder_jpg.rf.59fd36c265d570130de7955fd8145d02.jpg, 0, 0, 0, 1, 0
129_spot_jpg.rf.5ae2c8590c6499ed6d291962b53c3fc1.jpg, 0, 0, 0, 0, 1
65_spot_jpg.rf.5b0402b4e6a4eb693740cdd51b07202d.jpg, 0, 0, 0, 0, 1
179_spot_jpg.rf.57d70b1f362b52ce0bb878f0b080867b.jpg, 0, 0, 0, 0, 1
16_powder_jpg.rf.582310b470b01e2ebb7109ccd573ce7a.jpg, 0, 0, 0, 1, 0
90_spot_jpg.rf.5c1fe96d48c18f77174e047da84100a8.jpg, 0, 0, 0, 0, 1
77_spot_jpg.rf.5c5a1df00000c4c61153df2eba17774f.jpg, 0, 0, 0, 0, 1
98_spot_jpg.rf.5ce21b56f0a9289ab9006882076569d5.jpg, 0, 0, 0, 0, 1
29_spot_jpg.rf.5e00abe627b348b83ccac214d01632fc.jpg, 0, 0, 0, 0, 1
242_353692f4_jpg.rf.5e3c77a081865fc65a0c1b5e9ce364d5.jpg, 0, 1, 0, 0, 0
141_spot_jpg.rf.5e271d5478e68a0216eb33f49c45e2f0.jpg, 0, 0, 0, 0, 1
9_spot_jpg.rf.5cd034c5f73b70249c0eb44ef5a159b6.jpg, 0, 0, 0, 0, 1
164_spot_jpg.rf.5e227949344b36bc8046db167884023c.jpg, 0, 0, 0, 0, 1
147_spot_jpg.rf.5d29192ac65166b6c5ec7ac59b03f183.jpg, 0, 0, 0, 0, 1
68_spot_jpg.rf.5b8e32b7eb35524b7fc81e6d65cd4d84.jpg, 0, 0, 0, 0, 1
62_spot_jpg.rf.5c001399e1b39537e65defde11fb4cbc.jpg, 0, 0, 0, 0, 1
6_powder_jpg.rf.5f4b891d982e3d6a58ef0e44c316612a.jpg, 0, 0, 0, 1, 0
104_powder_jpg.rf.5e8fecb8a1432f3f47a51020226d4fba.jpg, 0, 0, 0, 1, 0
095_c63d70b6_jpg.rf.5d318c6cb3f39bf129aa8dd550196824.jpg, 0, 1, 0, 0, 0
104_powder_jpg.rf.5da17cf743cc1fc7bd7f61eef527d33c.jpg, 0, 0, 0, 1, 0
84_powder_jpg.rf.5e706a35df72f76d0c03f8b5df0535ef.jpg, 0, 0, 0, 1, 0
425_69831c2e_jpg.rf.5d0e3bec0fe68ec46e6d43d31d43efca.jpg, 0, 0, 1, 0, 0
40_spot_jpg.rf.5f901fd0ae5cbc9368c9b7263781b7a5.jpg, 0, 0, 0, 0, 1
208_07ee6c75_jpg.rf.5f587658ee5c6c3653c2d7f7473a0c35.jpg, 0, 1, 1, 0, 0
109_spot_jpg.rf.5d871987de890e2b54b40e331c9fdeef.jpg, 0, 0, 0, 0, 1
164_spot_jpg.rf.5ce8ee0d2ec29f5bcb92ee3f83786e95.jpg, 0, 0, 0, 0, 1
5_spot_jpg.rf.5d5b20f9f60bb445cf7e620fd59a2fc2.jpg, 0, 0, 0, 0, 1
142_spot_jpg.rf.5dc5ad516a9950061e835a8eff963c06.jpg, 0, 0, 0, 0, 1
80_powder_jpg.rf.5f5bb5fa2027cc3647eaa0e89c64b64a.jpg, 0, 0, 0, 1, 0
54_powder_jpg.rf.59f5f29d2af7ddfc0cc16cfa60e98537.jpg, 0, 0, 0, 1, 0
2_spot_jpg.rf.60d682e0690626b1e3019dca417ed0cc.jpg, 0, 0, 0, 0, 1
138_spot_jpg.rf.60ee1de1a082a2ff892171e5ebdd037c.jpg, 0, 0, 0, 0, 1
8_spot_jpg.rf.62890ff4a9e88c7892208a0f6915624b.jpg, 0, 0, 0, 0, 1
38_powder_jpg.rf.63cef7f4bde9a6435a79a0d73a84ea2c.jpg, 0, 0, 0, 1, 0
158_spot_jpg.rf.630a78b0acaa5898f9506fd12de0fa56.jpg, 0, 0, 0, 0, 1
828_438563dd_jpg.rf.635bfe079d2e0d61b3142d1033e4d638.jpg, 1, 0, 0, 0, 0
61_powder_jpg.rf.624105bd8a864b767d0f742eb7b5b832.jpg, 0, 0, 0, 1, 0
55_powder_jpg.rf.6178c91b3baf5e0d03f3df07420eb16c.jpg, 0, 0, 0, 1, 0
112_spot_jpg.rf.614e289915f6b01c6148ac5829eadf93.jpg, 0, 0, 0, 0, 1
64_spot_jpg.rf.620fde9a9ebb1857f4778f2515d8a13a.jpg, 0, 0, 0, 1, 0
022_ebb3532c_jpg.rf.626d5db9ed4ddde58d599facec48361b.jpg, 0, 0, 1, 0, 0
559_07d37d73_jpg.rf.634f566fe94611c586f390c17af18dc5.jpg, 1, 0, 0, 0, 0
136_823d5081_jpg.rf.5faebe25794bcdf40f9b94541a016edc.jpg, 0, 1, 0, 0, 0
64_spot_jpg.rf.621a3042400e4725c217035234b21e61.jpg, 0, 0, 0, 1, 0
066_56c930c6_jpg.rf.61268426512797a8571543ae055d5f83.jpg, 0, 0, 0, 0, 1
450_5bf1461b_jpg.rf.625b14c86a75178a4d8b189bebcd0e06.jpg, 1, 0, 0, 0, 0
737_a34c2d5a_jpg.rf.63da4e44982a4671538b2eeaf833fa0c.jpg, 1, 0, 0, 0, 0
211_2934a320_jpg.rf.61267b8c010865ad131ce9a3f0264e55.jpg, 0, 1, 0, 0, 0
141_spot_jpg.rf.636b800db87dd90367c23df846b50815.jpg, 0, 0, 0, 0, 1
045_58a2dbca_jpg.rf.629fd8d72d77fcb42bbcf8cb76dc82c9.jpg, 0, 0, 1, 0, 0
48_powder_jpg.rf.616ad9879642b18fe9a95363efc11495.jpg, 0, 0, 0, 1, 0
176_spot_jpg.rf.615c2014b929e88faa8b269f9e8ead45.jpg, 0, 0, 0, 0, 1
136_spot_jpg.rf.63001edb083032336103aa28ea5b63c3.jpg, 0, 0, 0, 0, 1
50_powder_jpg.rf.63f876f61952fc3407c6cd0df209e69e.jpg, 0, 0, 0, 1, 0
113_spot_jpg.rf.6303475f3bf69d06a18f8a5b2d587a0a.jpg, 0, 0, 0, 0, 1
75_spot_jpg.rf.65308d868fd70c5ce0075559f7f50306.jpg, 0, 0, 0, 0, 1
108_spot_jpg.rf.643af63ad525f9709f4def7b22c928bc.jpg, 0, 0, 0, 0, 1
142_spot_jpg.rf.6646b345caa5d1a59d1affeccc3a7091.jpg, 0, 0, 0, 0, 1
152_spot_jpg.rf.67895e0da10f82b18eee74f7103b4e87.jpg, 0, 0, 0, 0, 1
015_8c759c75_jpg.rf.68ed2e719bc09f8af4792971deefe30d.jpg, 0, 1, 0, 0, 0
image_11_jpg.rf.663ad695e3e46542c708f8804eeb70ad.jpg, 1, 0, 0, 0, 0
109_powder_jpg.rf.6683e2812274555ee8630d307835c9b0.jpg, 0, 0, 0, 1, 0
279_28516da1_jpg.rf.655ea978c22f51fc4716b4989c585943.jpg, 0, 1, 0, 0, 0
53_powder_jpg.rf.6a624735efd72c96cfce088f591ef5f3.jpg, 0, 0, 0, 1, 0
181_spot_jpg.rf.66e23a14705bc3a456d58eaa21e9a5b0.jpg, 0, 0, 0, 0, 1
180_a1a2680c_jpg.rf.678a5e2df5fd1ee5b5cd97a57a1ae6bf.jpg, 1, 0, 0, 0, 0
551_3d02e4b3_jpg.rf.697669c423c3685aac9e4c5385a7bbfb.jpg, 0, 0, 1, 0, 0
353_9eb36f4f_jpg.rf.68b3153b5d92e06918ab0b28e70197dd.jpg, 0, 1, 0, 0, 0
14_powder_jpg.rf.69dab2b09a419c4230580293ad52244f.jpg, 0, 0, 0, 1, 0
image_604_jpg.rf.64cf2d951485f9985c3937e19f1b8852.jpg, 1, 0, 0, 0, 0
27_spot_jpg.rf.65017950fb10aab7adb1c90dc4c85f47.jpg, 0, 0, 0, 0, 1
129_spot_jpg.rf.649fc5a0f37af52ce84396cec314757d.jpg, 0, 0, 0, 0, 1
063_da61bd3e_jpg.rf.654f6e6fdc3da4fb380c81161f324b88.jpg, 1, 0, 0, 0, 0
96_spot_jpg.rf.6528d860609b392da406e93864319dba.jpg, 0, 0, 0, 0, 1
100_powder_jpg.rf.675b4c281fec19d8c655516496327a0b.jpg, 0, 0, 0, 1, 0
149_spot_jpg.rf.68aa8914b71946bfc63d66d6c258a19e.jpg, 0, 0, 0, 0, 1
223_014c48c9_jpg.rf.68eb03f63bc0d54452b2fefdafdccf76.jpg, 0, 1, 0, 0, 0
275_bb5b8f45_jpg.rf.6b44316f1eef9d31e1d7cfe1d1998e81.jpg, 0, 1, 0, 0, 0
184_f8bc5c69_jpg.rf.6a2fbddaab38df4dd7b21a27dae2c607.jpg, 0, 1, 1, 0, 0
image_234_jpg.rf.679de357a388d905634b6dc72bf4d2d2.jpg, 1, 0, 0, 0, 0
52_powder_jpg.rf.66dbc6bf4d80ad9796c23502ae64b325.jpg, 1, 0, 0, 0, 0
18_spot_jpg.rf.6b165a3a75d6510d83e02c9d2d872840.jpg, 0, 0, 0, 0, 1
527_df0347cb_jpg.rf.6c7f51f6e37328ae04adc5b9e9db5cd7.jpg, 0, 1, 0, 0, 0
117_f97656a1_jpg.rf.6d43f9ba5e7b2a9ab4b2d948fa89e2e7.jpg, 0, 1, 0, 0, 0
14_powder_jpg.rf.6c0ca6c7ffbd1ef4ba5fa5c8e401db18.jpg, 0, 0, 0, 1, 0
22_spot_jpg.rf.6bc3d732aec60b9b8c477f95b3093dad.jpg, 0, 0, 0, 0, 1
50_powder_jpg.rf.6db07a7102a0ab7340a519b9c82c1cbf.jpg, 0, 0, 0, 1, 0
35_powder_jpg.rf.6d03589cda6eaf7809e45bae77bcf376.jpg, 0, 0, 0, 1, 0
8_powder_jpg.rf.6ce3dac3824a2b14ad7402f99b21bac0.jpg, 0, 0, 0, 1, 0
341_5aeaf627_jpg.rf.6b6b7984730987bd8826f0bc4d3b6ab1.jpg, 1, 0, 0, 0, 0
053_6fcbebbc_jpg.rf.6b548caedc86c495e02c6ff30f61ab29.jpg, 0, 1, 0, 0, 0
106_powder_jpg.rf.6cede3b27932693b5084a941e55c1d9b.jpg, 0, 0, 0, 1, 0
64_powder_jpg.rf.6db666c67a7cdc846faf31f71b3555b3.jpg, 0, 0, 0, 1, 0
46_spot_jpg.rf.6d96ab568a662e9f708ff36e3562c661.jpg, 0, 1, 0, 0, 1
088_f440d1ce_jpg.rf.6d26a8995b4c11f8fba7c7de7f02e879.jpg, 0, 0, 0, 0, 1
476_59c0df08_jpg.rf.6b5163b23155b0a03ff42904cf87180e.jpg, 0, 1, 0, 0, 0